instance,size,n_customers,n_vehicles,seed,A_offline_obj,B_offline_obj,offline_overhead_pct,A_avg_cost,B_avg_cost,delta_avg_cost_pct,A_worst_cost,B_worst_cost,delta_worst_cost_pct,A_avg_fail,B_avg_fail,delta_fail_pct,A_cost_std,B_cost_std,delta_std_pct,paired_cost_delta,A_win_count,B_win_count,A_win_rate,trial_count
small_8c_1v_seed1,Small,8,1,1,34.88136637457785,29.294488590261764,19.071429655110308,35.22435105511034,35.21304489637012,-0.0321078701756463,49.03341202284662,48.9571685789518,-0.15573499470636676,1.22,1.22,0.0,5.017861935638791,4.997598079605482,-0.4054718217794434,0.011306158740213306,0.0,18.0,0.0,100
small_8c_1v_seed2,Small,8,1,2,40.151494925243526,30.964641983614257,29.668849219993337,39.927427390541745,44.18202216460658,9.629696798878332,58.98421668862818,73.71506490501963,19.983497586784804,1.28,1.9,32.63156177286222,6.403799521357146,8.767752830656153,26.96190329880756,-4.254594774064829,59.0,41.0,59.0,100
small_8c_1v_seed3,Small,8,1,3,35.8986118133547,27.998028104824677,28.218357660583166,35.34363127564069,36.86545068077356,4.128036893704783,45.04851637193396,48.452049735088764,7.024539481329689,1.81,2.22,18.468460149342278,4.380336969053148,5.143925953570347,14.844475658566658,-1.5218194051328757,60.0,40.0,60.0,100
small_10c_1v_seed1,Small,10,1,1,49.45011902332346,32.32238596805396,52.990311644065535,49.4123419868678,47.563301043066005,-3.8875370364382182,72.06513415364275,64.26154639411436,-12.143479572790215,2.76,2.69,-2.602229515899802,7.529702895925957,6.883727295069701,-9.384094972471825,1.8490409438018036,35.0,65.0,35.0,100
small_10c_1v_seed2,Small,10,1,2,66.19335367478175,37.41700536646466,76.90713895053761,65.22838362449309,69.59927696307739,6.280084405047867,90.20954954505774,98.85387542193403,8.744549305710136,2.95,3.58,17.597760447552943,12.038980252202487,13.330846855373684,9.69080599513739,-4.370893338584293,58.0,42.0,57.99999999999999,100
small_10c_1v_seed3,Small,10,1,3,41.924182632571814,31.58889476034856,32.718105367828365,42.39825728663791,50.420498380442865,15.910673935179961,64.66552067690401,71.89258045849326,10.052580858134236,1.91,3.21,40.49842975126799,7.5611486769965035,8.399931952129666,9.985594884069913,-8.022241093804952,83.0,17.0,83.0,100
small_12c_1v_seed1,Small,12,1,1,45.79584659863427,31.144814697733203,47.041640937961354,44.72251108362814,50.368618535866325,11.209573771052945,63.8760698117312,72.38271869127551,11.752320213097555,1.92,3.08,37.66232543430992,7.328995873408295,8.366189555567134,12.397442722227463,-5.64610745223819,72.0,28.0,72.0,100
small_12c_1v_seed2,Small,12,1,2,56.39840299423171,33.42418311177281,68.73532198417982,58.150228048528724,63.37488225907376,8.244045628655963,86.02248947851956,95.07300179437141,9.519539874660467,2.75,3.47,20.74927355928716,11.04111144743253,13.287163934917965,16.90392569435884,-5.22465421054503,59.0,41.0,59.0,100
small_12c_1v_seed3,Small,12,1,3,40.1147411414358,29.4751062044142,36.09701984866201,39.65132024716962,46.58999215978121,14.893052329382863,54.44333771097099,64.07310187711292,15.029339744798135,1.86,3.71,49.865215669753184,5.146001867186804,6.981994535605347,26.29610201060319,-6.938671912611591,86.0,14.0,86.0,100
small_15c_1v_seed1,Small,15,1,1,55.14532372381286,34.88356689601922,58.083959384628855,55.72111038749021,64.29902773859659,13.340664163662531,80.80829705933803,93.19656857519448,13.29262622567603,3.16,5.15,38.640769195967145,9.628567775634366,11.076044140915872,13.06853075141779,-8.57791735110639,72.0,28.0,72.0,100
small_15c_1v_seed2,Small,15,1,2,72.72547788013372,38.39490623944161,89.4143911345866,72.76154586698377,95.56653135529268,23.862941518224233,108.37434274148056,132.44230218192382,18.172410962309698,3.48,6.95,49.928050370064696,14.833942056702213,15.594963142432482,4.879915585439528,-22.804985488308915,88.0,12.0,88.0,100
small_15c_1v_seed3,Small,15,1,3,53.16821347528138,35.0683003673326,51.613317207723895,52.321283688055956,52.92087449523442,1.1329948964325205,71.73707052655935,74.39280408168244,3.569879624657147,2.28,3.21,28.971953591291722,8.130115331502068,9.251839703165935,12.124337282201775,-0.5995908071784648,57.0,43.0,56.99999999999999,100
small_16c_1v_seed1,Small,16,1,1,51.375795897815884,33.00708341388238,55.65081971528527,52.6110810479288,61.06227650115582,13.840288861596987,81.33923817725652,84.28609246672258,3.4962521137511775,2.35,3.74,37.165765463699074,8.418326622386072,10.265509552829117,17.994067815107083,-8.451195453227015,70.0,30.0,70.0,100
small_16c_1v_seed2,Small,16,1,2,68.57954635784758,36.34618171472322,88.68432149522646,68.3825121857967,79.00654393179656,13.447027571755568,108.56319118704539,123.71317352740365,12.246054246601634,3.1,4.3,27.90697025419296,15.682800032594503,18.416331142106824,14.842972468238754,-10.624031745999861,69.0,31.0,69.0,100
small_16c_1v_seed3,Small,16,1,3,47.83367295477817,31.04766511139642,54.06528247182184,49.134842356722295,61.84154310638133,20.547192245511496,66.68767152227335,88.27435355771846,24.454081129385546,3.37,5.9,42.88134866417819,7.989652311405805,10.631669183691171,24.85044049182585,-12.70670074965904,89.0,11.0,89.0,100
small_18c_2v_seed1,Small,18,2,1,67.46011736823058,37.026389985578774,82.19469247340963,65.89407900841283,71.40862207014192,7.722517116087696,94.83672038556234,108.07625091726953,12.250175611515074,2.96,4.51,34.36806333302365,10.41482011772775,14.450216254269717,27.92619699437113,-5.514543061729075,70.0,30.0,70.0,100
small_18c_2v_seed2,Small,18,2,2,60.388998040027985,37.25433312924963,62.09925924728083,59.7392048920203,72.18434916531537,17.240779223198942,94.47268158743145,112.69767655039533,16.171580036802403,3.32,5.08,34.64566247132629,12.077246652850366,15.665492793811975,22.905413568125134,-12.445144273295073,78.0,22.0,78.0,100
small_18c_2v_seed3,Small,18,2,3,59.29823699587355,36.38571862782632,62.97118548738698,58.06091779047546,65.836261524162,11.810123408712961,80.28139086056585,102.86589351851002,21.955287496608623,2.93,4.63,36.7170547047398,8.766894399348388,11.717971299070744,25.184194196775678,-7.775343733686542,77.0,23.0,77.0,100
small_20c_2v_seed1,Small,20,2,1,68.70136651138051,37.74134950467819,82.03208791690055,66.37228645764199,82.95911033912745,19.993975120611108,101.37962767297017,123.33199803167568,17.799411919903722,4.35,6.78,35.84070267836245,11.71008306146147,14.140380433786326,17.186929388750606,-16.586823881485465,82.0,18.0,82.0,100
small_20c_2v_seed2,Small,20,2,2,83.62876178588684,39.78824296262498,110.18460620249901,81.62390399164109,96.19078091697824,15.143734967605418,117.74261064201406,136.44156807401905,13.70473653737318,3.95,6.91,42.836462686474285,12.799851191906018,16.91014141522494,24.30665645735926,-14.566876925337153,75.0,25.0,75.0,100
small_20c_2v_seed3,Small,20,2,3,70.58954297636171,38.18798759678539,84.84750681731089,71.17467385032705,78.72894887315567,9.595295162646853,103.33173709690158,108.08123638799144,4.394379126123287,5.19,6.86,24.344019774924227,11.161508112537419,11.714441559794395,4.720100375537465,-7.5542750228286115,72.0,28.0,72.0,100
medium_30c_2v_seed1,Medium,30,2,1,154.95776007954095,81.33238701587355,90.524052920392,151.48771924205514,194.78903441419448,22.22985256965981,210.04444229499484,264.2625142965371,20.51674719960566,5.28,11.03,52.13054831092037,22.30751478797309,30.977232724484633,27.987385877064074,-43.30131517213933,93.0,7.0,93.0,100
medium_30c_2v_seed2,Medium,30,2,2,174.87066931561372,83.90894013585934,108.40528915330796,173.47813147370118,205.1429881552498,15.435505237734489,239.3025127142629,269.4557359812102,11.190418031795007,6.28,9.66,34.9896444110099,28.216371686827216,32.578390299853645,13.38930020478336,-31.664856681548617,83.0,17.0,83.0,100
medium_30c_2v_seed3,Medium,30,2,3,146.5111415622591,80.66309701821862,81.63341971505011,144.8585820834406,168.9786019998155,14.274008443034244,203.0553367865466,234.88141193828986,13.54984836352435,4.53,8.94,49.32885354263383,20.955045950386694,23.939592657549365,12.466989832225046,-24.120019916374922,87.0,13.0,87.0,100
medium_40c_3v_seed1,Medium,40,3,1,189.60759172379002,113.71527547496414,66.73889319780484,189.75955460941333,231.06055703826246,17.874535991017236,264.98884917528403,305.53438126508496,13.270366471334427,8.02,10.87,26.21894882990351,28.092189294640413,32.213856696813615,12.794702953508391,-41.301002428849145,89.0,11.0,89.0,100
medium_40c_3v_seed2,Medium,40,3,2,185.99336166982442,74.39684971767038,150.00166320973693,180.5981154472509,208.2422372822836,13.274983113804911,275.1139628125754,289.6366907205572,5.014118850706466,6.86,11.64,41.065288568274184,30.33026864407133,36.0131757585398,15.780077254975525,-27.644121835032717,71.0,29.0,71.0,100
medium_40c_3v_seed3,Medium,40,3,3,160.65053247427633,75.7470571257603,112.08815044464846,160.86713742045558,160.8450021383078,-0.013761871275771902,208.94797391072245,224.42858879016978,6.897790946732273,7.53,9.76,22.848358314717384,22.431247552113547,24.45999769158557,8.294154734235246,0.0221352821477997,55.0,45.0,55.00000000000001,100
medium_50c_3v_seed1,Medium,50,3,1,256.4472072269845,118.80341143215084,115.85845400865671,252.9708050062574,305.85541072260787,17.290720995063115,331.2804472297047,408.00869303065485,18.805541918977042,10.3,16.51,37.61356525659811,33.80686495801769,38.03453136792087,11.115336897026983,-52.884605716350485,91.0,9.0,91.0,100
medium_50c_3v_seed2,Medium,50,3,2,268.86938964936417,123.560571085231,117.60128436433044,264.7477052008093,326.7179110314833,18.967495732029946,351.44872920996505,404.8767148968511,13.196112229002283,8.4,16.9,50.29585501207957,26.845181182191514,35.36756262389383,24.096603125765544,-61.97020583067397,92.0,8.0,92.0,100
medium_50c_3v_seed3,Medium,50,3,3,240.34435937125778,121.45831282567005,97.88218177888382,240.52483496443682,278.7221992178403,13.704457111989718,313.6999367513339,336.0872650277847,6.661165300208577,9.05,15.08,39.98673474889027,30.48912208954919,31.17064276058387,2.186418337296199,-38.19736425340346,80.0,20.0,80.0,100
medium_60c_4v_seed1,Medium,60,4,1,320.5636479370121,133.63855519791127,139.87362588758546,323.45078755978005,372.6398536820031,13.200162472208124,410.2651426762514,471.21805954123647,12.935182688950201,9.31,17.07,45.45986845577806,36.960963369843846,42.090739890909944,12.18742272644087,-49.189066122223046,81.0,19.0,81.0,100
medium_60c_4v_seed2,Medium,60,4,2,320.8858307982441,129.16169932160315,148.437294092316,315.98143649561126,380.80874980663015,17.023588177513613,474.56447798944,548.7070771349361,13.512236717016721,11.93,18.11,34.1247910477752,43.16724169921015,54.32568472361927,20.539902765659416,-64.82731331101887,85.0,15.0,85.0,100
medium_60c_4v_seed3,Medium,60,4,3,269.3502259921752,120.72585870283756,123.10897506653586,272.08930979310736,309.8724294772047,12.193120810341991,368.3810520631875,434.93911709380416,15.302846401893522,11.73,16.81,30.22010528137386,31.473903538591617,39.688716677494774,20.698106715504476,-37.783119684097336,85.0,15.0,85.0,100
medium_80c_5v_seed1,Medium,80,5,1,410.65464114361237,191.3013681509093,114.66372410868742,410.54856967409165,495.33175899095005,17.116445246630636,580.506311107991,602.5877589785705,3.664436846179739,20.32,26.62,23.666415339353293,53.852837279861994,49.153891619779486,-9.559661320071438,-84.78318931685841,93.0,7.0,93.0,100
medium_80c_5v_seed2,Medium,80,5,2,422.45357702662704,194.08194522624183,117.66763339792983,417.0147990247016,486.1672473329937,14.22400391792068,515.5159800716643,628.0435235617962,17.917156895744938,18.03,25.39,28.987789326987418,42.577313646229555,43.42580312799086,1.9538831779844847,-69.15244830829216,92.0,8.0,92.0,100
medium_80c_5v_seed3,Medium,80,5,3,395.97094142284203,174.47401576639726,126.9512395203916,391.5060134755162,417.71502650370763,6.274376396645806,512.7029789769349,517.8428616970839,0.9925564491329423,15.7,23.91,34.33709601266851,39.37361734561794,36.8959075510949,-6.715405289699825,-26.20901302819139,72.0,28.0,72.0,100
medium_100c_7v_seed1,Medium,100,7,1,669.9199352610414,274.37993971414,144.15776749531716,665.1919620544477,781.9050181719233,14.926756243405134,860.9772367011824,955.0154669406843,9.846775627702224,20.28,29.71,31.74015376169122,73.42831310564827,76.54813944381628,4.075639617212983,-116.71305611747567,89.0,11.0,89.0,100
medium_100c_7v_seed2,Medium,100,7,2,726.3215615799454,282.65459778333656,156.96435411841176,748.0435084658819,810.9941759721779,7.762160243732204,985.6053209904119,1052.811523473835,6.383497994177621,22.62,29.56,23.47767173620866,74.68124922629039,74.83749464615708,0.20877959439669727,-62.950667506295986,77.0,23.0,77.0,100
medium_100c_7v_seed3,Medium,100,7,3,702.3595090300516,285.42148429165286,146.0780101305752,716.5866094770672,877.0049406094066,18.29161087973679,903.4283074908706,1072.3686960471132,15.753946304007036,20.27,33.35,39.22038862907381,63.40821655072879,81.98106142773207,22.65504291722935,-160.4183311323393,95.0,5.0,95.0,100
large_150c_9v_seed1,Large,150,9,1,1152.5134907578422,449.37441892995633,156.4706494646914,1142.2031884300484,1292.7089671292667,11.642665327327945,1382.4001387302164,1546.9012872532926,10.634236966417394,28.83,40.84,29.40744296259935,100.23831020414399,114.06754588479836,12.123724984303475,-150.50577869921847,91.0,9.0,91.0,100
large_150c_9v_seed2,Large,150,9,2,1235.6715500824857,464.8932849463779,165.79681619299183,1230.6028103049277,1437.01603886179,14.364017030760145,1532.8740377228728,1674.2661382083588,8.44501941828618,30.68,43.92,30.145718803603856,91.13673178184335,116.85396930288609,22.00801346705082,-206.4132285568625,93.0,7.0,93.0,100
large_150c_9v_seed3,Large,150,9,3,1175.4648033493545,444.96093016925096,164.17258767016688,1176.6038783989281,1358.3104001265085,13.377393098856993,1454.2155099991496,1646.7205764440882,11.690208357062746,31.21,44.79,30.31926701676117,107.832947917189,130.01450115767153,17.060830040007737,-181.7065217275805,86.0,14.0,86.0,100
large_180c_11v_seed1,Large,180,11,1,1552.8892671968422,582.9002245906491,166.40738872375337,1563.2227751869907,1862.5737599867343,16.07189960637455,1829.839754278192,2133.494987413469,14.232760560802246,36.95,52.32,29.37691075349941,134.72153452769612,138.78207083859664,2.9258363541530894,-299.3509847997437,96.0,4.0,96.0,100
large_180c_11v_seed2,Large,180,11,2,1591.095131064322,585.6361569263323,171.68662867659435,1585.6731456462624,1692.1612366318868,6.293022714406376,1850.3720741910379,1976.8349599831165,6.397240455174806,36.92,46.78,21.077383046657054,121.55932842271528,129.614799806267,6.214931731131611,-106.48809098562461,75.0,25.0,75.0,100
large_180c_11v_seed3,Large,180,11,3,1525.694777197713,543.5883293775437,180.67099581493358,1513.3505944791648,1743.3697067572093,13.193937659149551,1969.967090019908,2081.5362123119344,5.359941452476968,34.9,49.4,29.35222612647316,145.67583794441444,138.46249762498263,-5.2095985491123535,-230.0191122780444,94.0,6.0,94.0,100
large_200c_13v_seed1,Large,200,13,1,1834.5933799186973,646.9707861583838,183.56664924737015,1802.6822068143779,1954.2184805412655,7.754315867738402,2131.357459395438,2365.2703717169998,9.88947881470985,40.6,52.62,22.843025031489447,148.85112301400002,155.54692580201416,4.304683432631747,-151.53627372688746,75.0,25.0,75.0,100
large_200c_13v_seed2,Large,200,13,2,1917.043221057751,710.0403046432549,169.9907608795433,1927.1794868515065,2146.023738027897,10.197662183247738,2304.8783371008485,2474.722424864268,6.863157098224253,45.46,57.21,20.538367059283917,141.98766573686365,149.91717213014005,5.289258213528983,-218.84425117639023,88.0,12.0,88.0,100
large_200c_13v_seed3,Large,200,13,3,1846.5615971555885,689.6433489936121,167.75602198589354,1819.6954973634035,2094.167060889205,13.106478878970524,2253.2213099500354,2613.559285831935,13.787250889439786,43.79,58.44,25.0684458407179,151.7761155598302,147.15759047039526,-3.1384891824381893,-274.4715635258014,97.0,3.0,97.0,100
large_250c_15v_seed1,Large,250,15,1,2441.5266127471123,865.9355074381883,181.9524770349473,2408.7573765207653,2841.190654980999,15.22014292501345,2791.2969501465286,3216.402748706143,13.21680870751093,53.55,75.45,29.025844545714456,151.06215674744558,166.80851732420092,9.439782053666754,-432.43327846023357,97.0,3.0,97.0,100
large_250c_15v_seed2,Large,250,15,2,2632.47117050795,886.0438310198534,197.1039443362441,2666.6055512205976,2941.6090946836175,9.348745350292633,3085.4689198423175,3292.4139731953737,6.285511331134663,61.14,73.36,16.65757883509298,155.44295826961323,174.89729533738233,11.12329205492181,-275.00354346302004,87.0,13.0,87.0,100
large_250c_15v_seed3,Large,250,15,3,2512.221201263881,858.8937737709815,192.49498342896925,2486.026584363255,2784.2616291053328,10.711459067799947,2878.2290452797156,3199.119101866638,10.030575491849866,54.76,74.19,26.189513058505014,188.38649014419124,182.08923524345414,-3.4583345125999885,-298.23504474207743,88.0,12.0,88.0,100
large_280c_18v_seed1,Large,280,18,1,3058.6864623912174,1076.9526554411177,184.01308515631874,3036.9363519292237,3376.0538566392893,10.044789541587521,3492.047097964438,3966.614883525842,11.964049939215942,60.63,80.28,24.476830786287607,198.5541205392262,219.7968194202172,9.664697988068372,-339.1175047100657,87.0,13.0,87.0,100
large_280c_18v_seed2,Large,280,18,2,3104.191026739536,1070.719437155033,189.91637949410554,3102.7834137984687,3474.9807885943305,10.7107750355771,3540.7613128282073,4005.8537991724606,11.610321036687193,60.32,81.54,26.024036963158736,199.63205729859612,202.16752085535404,1.2541399001625892,-372.19737479586234,96.0,4.0,96.0,100
large_280c_18v_seed3,Large,280,18,3,3100.2855895331186,1060.8755719765588,192.23838039336272,3060.3733896990425,3390.4921999295225,9.736604326573648,3759.10365533717,4061.813480835021,7.452578187702021,62.96,78.59,19.888026213411045,214.19545378970588,223.72598666442127,4.259913197482786,-330.11881023048045,92.0,8.0,92.0,100
large_300c_20v_seed1,Large,300,20,1,3103.466603110668,1136.1029799567193,173.16771964007145,3077.789290364514,3623.1811487771483,15.052845442097437,3621.387963277237,4007.223335623926,9.62849684260521,65.84,89.49,26.427533507346805,190.26148317815583,176.03333747768664,-8.082642653665681,-545.3918584126343,99.0,1.0,99.0,100
large_300c_20v_seed2,Large,300,20,2,3258.18056776868,1181.9958306076737,175.6507665592714,3249.4010829607555,3630.302656013908,10.492281474718263,3792.2346403285774,4212.780900022945,9.982628332085284,64.32,84.75,24.106194405826624,202.17707699273706,218.66642288011712,7.540867772374728,-380.90157305315284,90.0,10.0,90.0,100
large_300c_20v_seed3,Large,300,20,3,3313.6664377131956,1176.3895685747505,181.68104565291696,3335.4059869006,3633.5104307589486,8.204309566164698,3912.208988526784,4124.516031804855,5.147441339564067,65.59,82.98,20.956856821440624,221.2052120544469,227.73872300142895,2.8688625422091447,-298.1044438583486,90.0,10.0,90.0,100
