scenario,size,instance,scale,customers,vehicle_pairs,trial_count,status,elapsed_seconds,offline_obj,offline_objective,avg_actual_cost,mean_actual_cost,worst_actual_cost,avg_fail,average_failed_customers,cost_std,average_online_replanning_seconds,worst_online_replanning_seconds
alpha,Small,small_10c_1v_seed1,small,10,1,30,OK,16.1,32.32782488523465,32.32782488523465,32.32782488523465,32.32782488523465,32.32782488523465,0.0,0.0,0.0,0.0,0.0
alpha,Small,small_10c_1v_seed2,small,10,1,30,OK,11.3,37.42874325753122,37.42874325753122,37.42874325753122,37.42874325753122,37.42874325753122,0.0,0.0,0.0,0.0,0.0
alpha,Small,small_10c_1v_seed3,small,10,1,30,OK,16.7,31.52164349944356,31.52164349944356,31.52164349944356,31.52164349944356,31.52164349944356,0.0,0.0,0.0,0.0,0.0
alpha,Small,small_12c_1v_seed1,small,12,1,30,OK,49.2,31.144814697733203,31.144814697733203,31.144814697733203,31.144814697733203,31.144814697733203,0.0,0.0,0.0,0.0,0.0
alpha,Small,small_12c_1v_seed2,small,12,1,30,OK,31.1,33.42418311177281,33.42418311177281,33.42418311177281,33.42418311177281,33.42418311177281,0.0,0.0,0.0,0.0,0.0
alpha,Small,small_12c_1v_seed3,small,12,1,30,OK,31.1,29.4751062044142,29.4751062044142,29.4751062044142,29.4751062044142,29.4751062044142,0.0,0.0,0.0,0.0,0.0
alpha,Small,small_15c_1v_seed1,small,15,1,30,OK,192.3,34.705251228000144,34.705251228000144,34.70525122800014,34.70525122800014,34.70525122800014,0.0,0.0,0.0,0.0,0.0
alpha,Small,small_15c_1v_seed2,small,15,1,30,OK,89.0,38.3533678409804,38.3533678409804,38.35336784098039,38.35336784098039,38.35336784098039,0.0,0.0,0.0,0.0,0.0
alpha,Small,small_15c_1v_seed3,small,15,1,30,OK,72.4,35.0683003673326,35.0683003673326,35.068300367332604,35.068300367332604,35.0683003673326,0.0,0.0,7.105427357601002e-15,0.0,0.0
alpha,Small,small_16c_1v_seed1,small,16,1,30,OK,74.0,33.00732969304999,33.00732969304999,33.00732969304999,33.00732969304999,33.00732969304999,0.0,0.0,0.0,0.0,0.0
alpha,Small,small_16c_1v_seed2,small,16,1,30,OK,176.8,36.34618171472322,36.34618171472322,36.346181714723215,36.346181714723215,36.346181714723215,0.0,0.0,0.0,0.0,0.0
alpha,Small,small_16c_1v_seed3,small,16,1,30,OK,139.7,31.04766511139642,31.04766511139642,31.04766511139642,31.04766511139642,31.04766511139642,0.0,0.0,0.0,0.0,0.0
alpha,Small,small_18c_2v_seed1,small,18,2,30,OK,33.2,63.891139306814,63.891139306814,63.891139306814,63.891139306814,63.891139306814,0.0,0.0,0.0,0.0,0.0
alpha,Small,small_18c_2v_seed2,small,18,2,30,OK,91.6,37.26774036795725,37.26774036795725,37.26774036795725,37.26774036795725,37.26774036795725,0.0,0.0,0.0,0.0,0.0
alpha,Small,small_18c_2v_seed3,small,18,2,30,OK,91.5,36.39249360044447,36.39249360044447,36.39249360044447,36.39249360044447,36.39249360044447,0.0,0.0,0.0,0.0,0.0
alpha,Small,small_20c_2v_seed1,small,20,2,30,OK,249.4,37.74253925257069,37.74253925257069,37.74253925257069,37.74253925257069,37.74253925257069,0.0,0.0,0.0,0.0,0.0
alpha,Small,small_20c_2v_seed2,small,20,2,30,OK,56.8,67.27956349403722,67.27956349403722,67.27956349403722,67.27956349403722,67.27956349403722,0.0,0.0,0.0,0.0,0.0
alpha,Small,small_20c_2v_seed3,small,20,2,30,OK,82.2,39.3811185230968,39.3811185230968,39.3811185230968,39.3811185230968,39.3811185230968,0.0,0.0,0.0,0.0,0.0
alpha,Small,small_8c_1v_seed1,small,8,1,30,OK,7.6,29.294488590261764,29.294488590261764,29.294488590261764,29.294488590261764,29.294488590261764,0.0,0.0,0.0,0.0,0.0
alpha,Small,small_8c_1v_seed2,small,8,1,30,OK,7.6,30.964641983614257,30.964641983614257,30.96464198361426,30.96464198361426,30.96464198361426,0.0,0.0,0.0,0.0,0.0
alpha,Small,small_8c_1v_seed3,small,8,1,30,OK,8.1,27.99802810482468,27.99802810482468,27.99802810482468,27.99802810482468,27.99802810482468,0.0,0.0,0.0,0.0,0.0
beta,Small,small_10c_1v_seed1,small,10,1,30,OK,21.8,48.1451182673794,48.1451182673794,47.00308184663359,47.00308184663359,47.359256754878096,3.0,3.0,0.5327524723509384,0.0793766966749293,0.1354718998773023
beta,Small,small_10c_1v_seed2,small,10,1,30,OK,15.9,71.5252992204696,71.5252992204696,71.18429010488873,71.18429010488873,71.18429010488873,3.0,3.0,0.0,0.0473814466580127,0.0692603000206872
beta,Small,small_10c_1v_seed3,small,10,1,30,OK,27.5,51.06021652362803,51.06021652362803,50.33777589891362,50.33777589891362,50.33847785968227,3.0,3.0,0.0011640702435802,0.078670536672386,0.101697799982503
beta,Small,small_12c_1v_seed1,small,12,1,30,OK,66.4,53.872949770544935,53.872949770544935,53.872949770544935,53.872949770544935,53.872949770544935,4.0,4.0,0.0,0.1078144200107393,0.1504570000106468
beta,Small,small_12c_1v_seed2,small,12,1,30,OK,40.0,67.35054260933235,67.35054260933235,67.35054260933235,67.35054260933235,67.35054260933235,4.0,4.0,0.0,0.2696903333378335,0.3543893001042306
beta,Small,small_12c_1v_seed3,small,12,1,30,OK,43.4,47.0262852573394,47.0262852573394,47.0262852573394,47.0262852573394,47.0262852573394,4.0,4.0,0.0,0.1654087533010169,0.2196395000210032
beta,Small,small_15c_1v_seed1,small,15,1,30,OK,115.0,57.481942813458254,57.481942813458254,56.983936727594106,56.983936727594106,56.98722518543078,4.0,4.0,0.0073532152639545,0.4840145433632036,0.5688980001723394
beta,Small,small_15c_1v_seed2,small,15,1,30,OK,83.0,64.00599343565304,64.00599343565304,63.63460668996068,63.63460668996068,63.63460668996068,4.0,4.0,0.0,0.5231780800153502,0.627630699891597
beta,Small,small_15c_1v_seed3,small,15,1,30,OK,84.9,57.53191119653977,57.53191119653977,57.47808244158314,57.47808244158314,57.53191119653977,4.0,4.0,0.1821506144601005,0.2525405866598399,0.3630052999360487
beta,Small,small_16c_1v_seed1,small,16,1,30,OK,140.3,71.34455853601129,71.34455853601129,71.34455853601129,71.34455853601129,71.34455853601129,5.0,5.0,0.0,1.1409596600104124,1.3324786998564375
beta,Small,small_16c_1v_seed2,small,16,1,30,OK,163.7,85.87311943474447,85.87311943474447,85.10095945429923,85.10095945429923,85.4141641549686,4.0,4.0,0.185560624056782,0.4159744000101151,0.5915063001448289
beta,Small,small_16c_1v_seed3,small,16,1,30,OK,113.8,56.99874527979267,56.99874527979267,62.02226652719766,62.02226652719766,62.02226652719766,5.0,5.0,0.0,0.2784108733021033,0.4055990998167544
beta,Small,small_18c_2v_seed1,small,18,2,30,OK,54.8,103.98481226150058,103.98481226150058,103.59703606490184,103.59703606490184,103.6538080770913,5.0,5.0,0.0531053546926907,0.2385969033425984,0.3307879001367837
beta,Small,small_18c_2v_seed2,small,18,2,30,OK,105.0,63.12962165796998,63.12962165796998,62.90598413628712,62.90598413628712,63.13245112837022,5.0,5.0,0.2264693311499982,0.7561707066643673,0.8886657999828458
beta,Small,small_18c_2v_seed3,small,18,2,30,OK,241.2,77.59951874334052,77.59951874334052,77.59616687175655,77.59616687175655,77.59951874334052,5.0,5.0,0.0100556147519114,2.053251370038682,2.3361016002018005
beta,Small,small_20c_2v_seed1,small,20,2,30,OK,173.6,72.70701786436537,72.70701786436537,71.97934131953069,71.97934131953069,71.98135946451013,6.0,6.0,0.0030827673772447,0.4250952700308213,0.5840017001610249
beta,Small,small_20c_2v_seed2,small,20,2,30,OK,86.1,85.24762549142801,85.24762549142801,84.38858495556231,84.38858495556231,84.49522623659712,6.0,6.0,0.2114668371215489,0.4511538200002784,0.7990214999299496
beta,Small,small_20c_2v_seed3,small,20,2,30,OK,107.4,78.68481336854387,78.68481336854387,77.99757410288144,77.99757410288144,78.00583176604755,6.0,6.0,0.0238096509400111,0.5852123366474795,0.7259379000170156
beta,Small,small_8c_1v_seed1,small,8,1,30,OK,9.1,40.59408559895961,40.59408559895961,40.59408559895961,40.59408559895961,40.59408559895961,2.0,2.0,0.0,0.0535816033176767,0.1192530998960137
beta,Small,small_8c_1v_seed2,small,8,1,30,OK,8.7,45.4910105254764,45.4910105254764,45.491010525476405,45.491010525476405,45.491010525476405,2.0,2.0,0.0,0.0209805866703391,0.0347061998909339
beta,Small,small_8c_1v_seed3,small,8,1,30,OK,10.9,34.97176083719559,34.97176083719559,34.97176083719559,34.97176083719559,34.97176083719559,2.0,2.0,0.0,0.048169160009517,0.0703366000670939
gamma,Small,small_10c_1v_seed1,small,10,1,30,OK,23.2,45.07846714513142,45.07846714513142,46.08850226505721,46.08850226505721,62.54238738875091,1.9333333333333331,1.9333333333333331,9.655254590297153,0.0722154599886077,0.2601473000831902
gamma,Small,small_10c_1v_seed2,small,10,1,30,OK,15.6,54.21428803851696,54.21428803851696,53.58765739079029,53.58765739079029,78.69776411035,1.7666666666666666,1.7666666666666666,12.28167642798485,0.0358229033571357,0.1219921001465991
gamma,Small,small_10c_1v_seed3,small,10,1,30,OK,26.6,44.59316082464805,44.59316082464805,45.873452305581615,45.873452305581615,64.03370950761317,2.4,2.4,9.557467635901434,0.0459632633331542,0.1050171998795121
gamma,Small,small_12c_1v_seed1,small,12,1,30,OK,48.1,44.26971536198381,44.26971536198381,41.97278208404328,41.97278208404328,67.5799055809762,1.7666666666666666,1.7666666666666666,9.564439190520376,0.0841463133265885,0.2850939998170361
gamma,Small,small_12c_1v_seed2,small,12,1,30,OK,38.1,53.12181801654572,53.12181801654572,53.81606745690989,53.81606745690989,92.4560165871087,2.3666666666666667,2.3666666666666667,13.33115070960894,0.0983298866815554,0.283392000128515
gamma,Small,small_12c_1v_seed3,small,12,1,30,OK,33.7,39.66839839131727,39.66839839131727,37.36997484906831,37.36997484906831,47.61148992356811,1.7333333333333334,1.7333333333333334,5.101199000946418,0.1775734500144608,0.5735951000824571
gamma,Small,small_15c_1v_seed1,small,15,1,30,OK,109.4,53.089524843586666,53.089524843586666,55.77081120738642,55.77081120738642,76.76441583664865,3.466666666666667,3.466666666666667,10.882939902915783,0.1870050399952257,0.4908411998767406
gamma,Small,small_15c_1v_seed2,small,15,1,30,OK,87.4,62.73874679648884,62.73874679648884,63.131564357028445,63.131564357028445,100.47883801948528,3.033333333333333,3.033333333333333,10.805083071069305,0.1848985033342614,0.4479877001140266
gamma,Small,small_15c_1v_seed3,small,15,1,30,OK,88.9,52.83338881334434,52.83338881334434,51.801919536754895,51.801919536754895,70.5229557473719,2.6333333333333333,2.6333333333333333,10.60655413322961,0.1246841833499881,0.3355720000108704
gamma,Small,small_16c_1v_seed1,small,16,1,30,OK,97.4,56.32964527336202,56.32964527336202,56.520724934571696,56.520724934571696,79.14697299176896,3.1333333333333333,3.1333333333333333,10.07008282583759,0.2601745666625599,0.6599461999721825
gamma,Small,small_16c_1v_seed2,small,16,1,30,OK,190.9,65.81689302536297,65.81689302536297,66.59620965786713,66.59620965786713,98.8590951546029,2.933333333333333,2.933333333333333,13.856326262571304,0.2007513533152329,0.4716140999225899
gamma,Small,small_16c_1v_seed3,small,16,1,30,OK,148.0,46.9338880622097,46.9338880622097,48.82966681186697,48.82966681186697,60.91716693159789,3.4,3.4,8.192978059832512,0.2623388433363288,0.4887202001409605
gamma,Small,small_18c_2v_seed1,small,18,2,30,OK,41.6,91.91546285755372,91.91546285755372,91.75053410311224,91.75053410311224,119.36400975120964,3.6,3.6,12.44121763715484,0.1295598600176163,0.2858028999762609
gamma,Small,small_18c_2v_seed2,small,18,2,30,OK,95.0,62.123189785205895,62.123189785205895,63.81624603856796,63.81624603856796,85.03502417333274,4.133333333333334,4.133333333333334,12.073184205990025,0.4713128866278566,1.0563399001257494
gamma,Small,small_18c_2v_seed3,small,18,2,30,OK,240.4,60.04818806040087,60.04818806040087,59.43416423600292,59.43416423600292,83.21195911380559,3.2,3.2,11.815746303816548,1.3090331466441665,2.5050617997767404
gamma,Small,small_20c_2v_seed1,small,20,2,30,OK,222.9,60.8212878117794,60.8212878117794,56.821127741258174,56.821127741258174,75.78138059012679,2.7333333333333334,2.7333333333333334,9.01132862876466,0.2462343200187509,0.4899418000131845
gamma,Small,small_20c_2v_seed2,small,20,2,30,OK,85.6,72.52676889266102,72.52676889266102,72.70102826667808,72.70102826667808,110.57198375417872,3.933333333333333,3.933333333333333,19.535038618414763,0.4187937899997147,1.0309664998203516
gamma,Small,small_20c_2v_seed3,small,20,2,30,OK,107.6,87.18756397225795,87.18756397225795,87.76871602323764,87.76871602323764,116.05593878613068,4.0,4.0,11.948832754765446,0.1791166666701125,0.6209616000996903
gamma,Small,small_8c_1v_seed1,small,8,1,30,OK,9.1,37.5346598700223,37.5346598700223,36.16105026904356,36.16105026904356,48.54733161191555,1.4,1.4,4.765455566147367,0.0514115166656362,0.134174000006169
gamma,Small,small_8c_1v_seed2,small,8,1,30,OK,8.5,41.67195908902457,41.67195908902457,39.43666542432103,39.43666542432103,52.19794797116642,1.2333333333333334,1.2333333333333334,6.5192132648058125,0.0264224233299804,0.0814500000560656
gamma,Small,small_8c_1v_seed3,small,8,1,30,OK,11.3,34.8501477263752,34.8501477263752,36.75789173632971,36.75789173632971,44.85669703510622,2.2333333333333334,2.2333333333333334,4.378029526688271,0.0591907500017744,0.1437514999415725
delta,Small,small_10c_1v_seed1,small,10,1,30,OK,23.9,62.567005417707605,62.567005417707605,67.65202611254259,67.65202611254259,90.47234092429862,5.3,5.3,10.636812839967275,0.2428561099843743,0.5857928002951667
delta,Small,small_10c_1v_seed2,small,10,1,30,OK,18.7,78.85886439525041,78.85886439525041,80.59786680129862,80.59786680129862,107.81732067104338,4.866666666666666,4.866666666666666,15.48464452758825,0.1591071799746714,0.3657906999578699
delta,Small,small_10c_1v_seed3,small,10,1,30,OK,25.0,65.94351275617785,65.94351275617785,69.96645206221716,69.96645206221716,83.67103978576947,5.333333333333333,5.333333333333333,8.776553695396531,0.1283234099896314,0.2149744001217186
delta,Small,small_12c_1v_seed1,small,12,1,30,OK,48.0,68.5881515787737,68.5881515787737,68.72832205631467,68.72832205631467,88.4470309218081,6.033333333333333,6.033333333333333,10.116894312271818,0.2050587499941078,0.3932711998932063
delta,Small,small_12c_1v_seed2,small,12,1,30,OK,65.2,87.37652693781546,87.37652693781546,83.24547932279346,83.24547932279346,120.67675950433932,5.7,5.7,15.296695782290184,0.1998223133385181,0.4208441000664606
delta,Small,small_12c_1v_seed3,small,12,1,30,OK,38.0,59.6291043793445,59.6291043793445,58.59120780945937,58.59120780945937,76.2626970263639,6.133333333333334,6.133333333333334,8.630119651500918,0.1661529366819498,0.29615019983612
delta,Small,small_15c_1v_seed1,small,15,1,30,OK,172.2,81.51932270659223,81.51932270659223,76.98215166201656,76.98215166201656,100.99640939778855,6.366666666666666,6.366666666666666,11.989555965249874,0.7686566800073099,1.618747100001201
delta,Small,small_15c_1v_seed2,small,15,1,30,OK,79.6,102.16341942328064,102.16341942328064,101.32602582647608,101.32602582647608,124.25681552734048,7.733333333333333,7.733333333333333,15.016807932400283,0.3989118799722443,0.6010953999357298
delta,Small,small_15c_1v_seed3,small,15,1,30,OK,80.9,81.40824586512623,81.40824586512623,78.58133177877474,78.58133177877474,100.32822509498212,6.9,6.9,10.094050937063502,0.3072575233605069,0.5206193998456001
delta,Small,small_16c_1v_seed1,small,16,1,30,OK,99.1,91.92108227233138,91.92108227233138,92.288748340811,92.288748340811,121.11902910350902,8.0,8.0,15.712997178773758,0.5606791133449103,0.939788700081408
delta,Small,small_16c_1v_seed2,small,16,1,30,OK,125.3,117.81892141677478,117.81892141677478,121.57367154681415,121.57367154681415,164.894200575565,8.1,8.1,19.08636435460208,0.5113327733473852,0.7989221999887377
delta,Small,small_16c_1v_seed3,small,16,1,30,OK,136.4,70.8910585716535,70.8910585716535,71.78815033687766,71.78815033687766,98.71848115681196,7.333333333333333,7.333333333333333,11.069914449546182,1.5274571733588045,2.667160500306636
delta,Small,small_18c_2v_seed1,small,18,2,30,OK,40.3,128.8942692136456,128.8942692136456,128.8216859704021,128.8216859704021,162.57754680043374,8.466666666666667,8.466666666666667,13.488221843288676,0.259679969958961,0.3887582999886945
delta,Small,small_18c_2v_seed2,small,18,2,30,OK,98.6,90.86801680334789,90.86801680334789,87.81461087826132,87.81461087826132,117.07944979933416,7.9,7.9,15.202368469361591,0.7039781233295799,1.1392735001863912
delta,Small,small_18c_2v_seed3,small,18,2,30,OK,225.4,105.67900470992012,105.67900470992012,102.35952376978122,102.35952376978122,126.53149288129312,9.366666666666667,9.366666666666667,14.524922959946394,3.3626135133051624,4.7549244000110775
delta,Small,small_20c_2v_seed1,small,20,2,30,OK,240.9,101.50521098539184,101.50521098539184,102.10240606751628,102.10240606751628,123.326361848594,9.166666666666666,9.166666666666666,16.14175047198124,0.8421853566542268,1.4139740999089554
delta,Small,small_20c_2v_seed2,small,20,2,30,OK,123.2,143.53711108815298,143.53711108815298,143.7752340910468,143.7752340910468,170.65137361325867,9.266666666666667,9.266666666666667,15.19104626450405,2.290770720007519,3.4358586001908407
delta,Small,small_20c_2v_seed3,small,20,2,30,OK,153.0,100.01407184832448,100.01407184832448,102.6697390214514,102.6697390214514,143.92472842245036,9.866666666666667,9.866666666666667,17.433909241312683,2.799248093354981,5.445478999987245
delta,Small,small_8c_1v_seed1,small,8,1,30,OK,8.8,46.74056513848341,46.74056513848341,47.3888807538148,47.3888807538148,58.82824126047856,3.6666666666666665,3.6666666666666665,6.511009582818645,0.0739211299767096,0.1926400001393631
delta,Small,small_8c_1v_seed2,small,8,1,30,OK,8.2,55.14466158386991,55.14466158386991,53.88197376735941,53.88197376735941,79.18215285613442,3.2333333333333334,3.2333333333333334,10.290010485651136,0.0559383433312177,0.142337700119242
delta,Small,small_8c_1v_seed3,small,8,1,30,OK,9.7,45.32096996415437,45.32096996415437,44.27636728921844,44.27636728921844,52.91179025447816,4.2,4.2,5.5884360696244135,0.0542319533259918,0.0987042000051587
epsilon,Small,small_10c_1v_seed1,small,10,1,30,OK,27.4,63.099520338754445,63.099520338754445,64.47480331843745,64.47480331843745,76.70682533908467,3.5,3.5,5.711175002061945,0.2170257066648143,0.3981837999308482
epsilon,Small,small_10c_1v_seed2,small,10,1,30,OK,15.9,80.56115138673113,80.56115138673113,78.5502550333453,78.5502550333453,93.6703891509704,4.533333333333333,4.533333333333333,6.92963824928512,0.1329501666671907,0.1775008001131937
epsilon,Small,small_10c_1v_seed3,small,10,1,30,OK,17.7,63.50620897257254,63.50620897257254,61.95022666975089,61.95022666975089,69.70376020982408,3.966666666666667,3.966666666666667,7.163131740984886,0.0495577500046541,0.0879787001758813
epsilon,Small,small_12c_1v_seed1,small,12,1,30,OK,40.0,62.929806569007525,62.929806569007525,62.51991715045587,62.51991715045587,75.32763525568802,5.0,5.0,8.181031674070226,0.181304146698676,0.3005024002632126
epsilon,Small,small_12c_1v_seed2,small,12,1,30,OK,37.7,80.25794972520299,80.25794972520299,80.07504810235683,80.07504810235683,94.65207203334356,5.333333333333333,5.333333333333333,7.673831459987847,0.2156359999867466,0.3585565999383107
epsilon,Small,small_12c_1v_seed3,small,12,1,30,OK,46.3,58.29507370635379,58.29507370635379,56.04062148086472,56.04062148086472,62.688150680218975,5.7,5.7,3.880589739129233,0.2728013300181677,0.4329770000185817
epsilon,Small,small_15c_1v_seed1,small,15,1,30,OK,98.1,77.22844866582061,77.22844866582061,76.03033768786055,76.03033768786055,92.46949768796372,6.666666666666667,6.666666666666667,6.936589150550206,0.3078936766600236,0.4054531997535378
epsilon,Small,small_15c_1v_seed2,small,15,1,30,OK,86.2,88.69268411046784,88.69268411046784,90.62370215358736,90.62370215358736,111.09109872901205,6.666666666666667,6.666666666666667,7.757741787892944,0.3762077766742246,0.5622138002654538
epsilon,Small,small_15c_1v_seed3,small,15,1,30,OK,117.0,72.00101042106054,72.00101042106054,73.99920443623861,73.99920443623861,84.9638042990533,5.6,5.6,10.381307456264372,0.4343004666773292,0.6426471999147907
epsilon,Small,small_16c_1v_seed1,small,16,1,30,OK,92.4,86.06195644346104,86.06195644346104,85.4128037272546,85.4128037272546,99.71189621344652,7.2,7.2,7.256598201486857,0.4446723666313725,0.7110885998699814
epsilon,Small,small_16c_1v_seed2,small,16,1,30,OK,117.5,105.76062506152928,105.76062506152928,109.3490113202004,109.3490113202004,126.59311422847388,6.533333333333333,6.533333333333333,12.67517549846039,0.4252222199846679,0.769184299861081
epsilon,Small,small_16c_1v_seed3,small,16,1,30,OK,139.9,65.73461400370127,65.73461400370127,69.42468962277418,69.42468962277418,83.09163957957122,6.633333333333334,6.633333333333334,7.894807948541146,0.3609115999774076,0.5538612998789176
epsilon,Small,small_18c_2v_seed1,small,18,2,30,OK,39.8,128.3976206270438,128.3976206270438,125.7722908078442,125.7722908078442,141.593542324277,8.033333333333333,8.033333333333333,10.723876913560806,0.1928859533392824,0.2894563999725505
epsilon,Small,small_18c_2v_seed2,small,18,2,30,OK,94.2,88.86549199675851,88.86549199675851,96.39331173910384,96.39331173910384,125.18014762692064,7.633333333333334,7.633333333333334,14.83977904027808,1.09061888003489,1.7166013002861291
epsilon,Small,small_18c_2v_seed3,small,18,2,30,OK,187.4,92.32679897614295,92.32679897614295,91.44283506571529,91.44283506571529,114.1720732010081,8.6,8.6,9.46527120283039,2.666466299976067,3.46948620013427
epsilon,Small,small_20c_2v_seed1,small,20,2,30,OK,177.5,95.76279716136357,95.76279716136357,97.6218250201621,97.6218250201621,117.97397884500154,9.233333333333333,9.233333333333333,8.394410775361228,0.851877573338182,1.2813846002100036
epsilon,Small,small_20c_2v_seed2,small,20,2,30,OK,89.2,143.02044239753056,143.02044239753056,140.60005911570804,140.60005911570804,158.45365380552784,9.166666666666666,9.166666666666666,9.45070360573426,0.8560156099731102,2.292138200136833
epsilon,Small,small_20c_2v_seed3,small,20,2,30,OK,118.9,89.97954551542281,89.97954551542281,94.38265019121243,94.38265019121243,115.77757001205632,9.0,9.0,11.426035247688215,1.105255240035088,1.4848337998846546
epsilon,Small,small_8c_1v_seed1,small,8,1,30,OK,9.0,47.31448424867854,47.31448424867854,47.927665053433074,47.927665053433074,54.2179125566189,3.733333333333333,3.733333333333333,3.797519675263161,0.0784735133056528,0.2084183000260964
epsilon,Small,small_8c_1v_seed2,small,8,1,30,OK,8.9,58.13135130343794,58.13135130343794,59.45141453664967,59.45141453664967,79.37037630816437,3.9,3.9,5.804668554334373,0.0683908799857211,0.2416095997905358
epsilon,Small,small_8c_1v_seed3,small,8,1,30,OK,10.7,42.96161726199836,42.96161726199836,42.26329729026061,42.26329729026061,48.85560591746813,3.5,3.5,3.045536314361667,0.1189844466629438,0.260635600076057
alpha,Medium,medium_100c_7v_seed1,medium,100,7,30,OK,1400.0,277.01513400666903,277.01513400666903,277.01513400666903,277.01513400666903,277.01513400666903,0.0,0.0,0.0,0.0,0.0
alpha,Medium,medium_100c_7v_seed2,medium,100,7,30,OK,1286.9,292.1627445003596,292.1627445003596,292.16274450035945,292.16274450035945,292.16274450035945,0.0,0.0,0.0,0.0,0.0
alpha,Medium,medium_100c_7v_seed3,medium,100,7,30,OK,1159.5,283.24135806475334,283.24135806475334,283.24135806475334,283.24135806475334,283.24135806475334,0.0,0.0,0.0,0.0,0.0
alpha,Medium,medium_30c_2v_seed1,medium,30,2,30,OK,282.2,80.99656224904183,80.99656224904183,80.99656224904183,80.99656224904183,80.99656224904183,0.0,0.0,0.0,0.0,0.0
alpha,Medium,medium_30c_2v_seed2,medium,30,2,30,OK,211.9,84.24858505588892,84.24858505588892,84.24858505588892,84.24858505588892,84.24858505588892,0.0,0.0,0.0,0.0,0.0
alpha,Medium,medium_30c_2v_seed3,medium,30,2,30,OK,236.2,81.0778753238983,81.0778753238983,81.07787532389828,81.07787532389828,81.07787532389828,0.0,0.0,0.0,0.0,0.0
alpha,Medium,medium_40c_3v_seed1,medium,40,3,30,OK,260.3,83.895898572155,83.895898572155,83.895898572155,83.895898572155,83.895898572155,0.0,0.0,0.0,0.0,0.0
alpha,Medium,medium_40c_3v_seed2,medium,40,3,30,OK,1415.4,74.30339604663592,74.30339604663592,74.30339604663592,74.30339604663592,74.30339604663592,0.0,0.0,0.0,0.0,0.0
alpha,Medium,medium_40c_3v_seed3,medium,40,3,30,OK,532.4,76.38202623190976,76.38202623190976,76.38202623190976,76.38202623190976,76.38202623190976,0.0,0.0,0.0,0.0,0.0
alpha,Medium,medium_50c_3v_seed1,medium,50,3,30,OK,650.2,121.8639239321418,121.8639239321418,121.8639239321418,121.8639239321418,121.8639239321418,0.0,0.0,0.0,0.0,0.0
alpha,Medium,medium_50c_3v_seed2,medium,50,3,30,OK,793.2,124.05975912130758,124.05975912130758,124.05975912130758,124.05975912130758,124.0597591213076,0.0,0.0,1.4210854715202004e-14,0.0,0.0
alpha,Medium,medium_50c_3v_seed3,medium,50,3,30,OK,572.4,121.33744460022572,121.33744460022572,121.33744460022568,121.33744460022568,121.3374446002257,0.0,0.0,1.4210854715202004e-14,0.0,0.0
alpha,Medium,medium_60c_4v_seed1,medium,60,4,30,OK,652.3,164.6542645254218,164.6542645254218,164.6542645254218,164.6542645254218,164.6542645254218,0.0,0.0,0.0,0.0,0.0
alpha,Medium,medium_60c_4v_seed2,medium,60,4,30,OK,4574.2,129.01921277323837,129.01921277323837,129.01921277323837,129.01921277323837,129.01921277323837,0.0,0.0,0.0,0.0,0.0
alpha,Medium,medium_60c_4v_seed3,medium,60,4,30,OK,1174.2,122.72888817209775,122.72888817209775,122.72888817209775,122.72888817209775,122.72888817209775,0.0,0.0,0.0,0.0,0.0
alpha,Medium,medium_80c_5v_seed1,medium,80,5,30,OK,1247.2,164.2566302400465,164.2566302400465,164.2566302400465,164.2566302400465,164.2566302400465,0.0,0.0,0.0,0.0,0.0
alpha,Medium,medium_80c_5v_seed2,medium,80,5,30,OK,981.0,196.0067650306227,196.0067650306227,196.0067650306227,196.0067650306227,196.0067650306227,0.0,0.0,0.0,0.0,0.0
alpha,Medium,medium_80c_5v_seed3,medium,80,5,30,OK,1608.7,192.489671617236,192.489671617236,192.489671617236,192.489671617236,192.489671617236,0.0,0.0,0.0,0.0,0.0
beta,Medium,medium_100c_7v_seed1,medium,100,7,30,OK,1145.1,778.9585248612575,778.9585248612575,766.8388353710033,766.8388353710033,791.7329794148066,28.7,28.7,19.814939978574422,7.708091076704052,9.827106200391428
beta,Medium,medium_100c_7v_seed2,medium,100,7,30,OK,1744.4,819.2465302321646,819.2465302321646,815.4087017747007,815.4087017747007,817.8142502200211,28.933333333333334,28.933333333333334,4.755852796826564,9.100391769902004,9.95525459991768
beta,Medium,medium_100c_7v_seed3,medium,100,7,30,OK,1485.8,831.3805196677076,831.3805196677076,811.0641626610969,811.0641626610969,827.9221713750196,28.2,28.2,8.310791623066208,7.7237580333681155,9.043536299839616
beta,Medium,medium_30c_2v_seed1,medium,30,2,30,OK,387.9,175.5197294695804,175.5197294695804,174.11990469793415,174.11990469793415,174.31017686061637,9.0,9.0,0.1220151631382583,1.416438113343126,1.6431872999528423
beta,Medium,medium_30c_2v_seed2,medium,30,2,30,OK,218.9,184.81061546972185,184.81061546972185,184.0414037375072,184.0414037375072,184.0414037375072,9.0,9.0,0.0,0.7439594466355629,0.9349517000373452
beta,Medium,medium_30c_2v_seed3,medium,30,2,30,OK,276.5,169.91130239702255,169.91130239702255,169.01702967870338,169.01702967870338,169.1672181685901,9.0,9.0,0.1229084218274123,0.633160433305117,0.8429186998400837
beta,Medium,medium_40c_3v_seed1,medium,40,3,30,OK,279.2,251.92476735778527,251.92476735778527,251.68836795945896,251.68836795945896,252.56950558788893,12.0,12.0,0.3090559702047198,0.4642793000210076,0.5509802999440581
beta,Medium,medium_40c_3v_seed2,medium,40,3,30,OK,1548.9,241.21982893685623,241.21982893685623,239.8656045936279,239.8656045936279,240.45294759686425,12.0,12.0,0.3466448995461286,3.0155658100071983,4.23381879995577
beta,Medium,medium_40c_3v_seed3,medium,40,3,30,OK,601.6,186.85682897138716,186.85682897138716,186.79791099286416,186.79791099286416,187.5142851511464,12.0,12.0,0.180006971005727,1.7339383299966964,2.188991399947554
beta,Medium,medium_50c_3v_seed1,medium,50,3,30,OK,931.6,300.8520123744568,300.8520123744568,298.3024942728055,298.3024942728055,298.49809084036417,15.0,15.0,0.1038751714082215,3.7101801299722874,4.126056999899447
beta,Medium,medium_50c_3v_seed2,medium,50,3,30,OK,935.9,315.5707725684117,315.5707725684117,313.6613387158498,313.6613387158498,314.3775540567466,15.0,15.0,0.3224297910608921,2.514188609966853,3.081710100057535
beta,Medium,medium_50c_3v_seed3,medium,50,3,30,OK,607.9,297.2435077625792,297.2435077625792,295.3978160852996,295.3978160852996,296.1739941348626,15.0,15.0,0.5175370582790143,1.889712446660269,2.306008099927567
beta,Medium,medium_60c_4v_seed1,medium,60,4,30,OK,1230.7,417.025556294096,417.025556294096,415.5580996553993,415.5580996553993,425.4791967657925,17.966666666666665,17.966666666666665,4.552882461012954,6.511005053296685,7.489847999881022
beta,Medium,medium_60c_4v_seed2,medium,60,4,30,OK,5398.3,398.5004171622632,398.5004171622632,397.785065906413,397.785065906413,411.03791436233416,18.0,18.0,2.469833053614958,3.439978449981815,4.24414159974549
beta,Medium,medium_60c_4v_seed3,medium,60,4,30,OK,1389.3,339.35485026067454,339.35485026067454,341.04778461755507,341.04778461755507,351.66438747719,17.766666666666666,17.766666666666666,10.956114114594984,1.9816085899287523,2.4123974996618927
beta,Medium,medium_80c_5v_seed1,medium,80,5,30,OK,1609.7,504.50545904017486,504.50545904017486,498.7651547829456,498.7651547829456,514.1175266868847,23.566666666666663,23.566666666666663,7.710515049177178,12.614016713372742,16.467146200011484
beta,Medium,medium_80c_5v_seed2,medium,80,5,30,OK,1070.4,474.5678588678403,474.5678588678403,479.8598626178173,479.8598626178173,485.8604270896755,23.933333333333334,23.933333333333334,6.2001000191444895,3.674638100026641,4.474131800117903
beta,Medium,medium_80c_5v_seed3,medium,80,5,30,OK,1580.6,475.5507467284653,475.5507467284653,475.2252703994329,475.2252703994329,476.6255134516245,24.0,24.0,0.940999735401392,3.429271420021541,4.22629059990868
gamma,Medium,medium_100c_7v_seed1,medium,100,7,30,OK,1391.9,600.5469447399743,600.5469447399743,599.3012825050222,599.3012825050222,714.696370827337,20.73333333333333,20.73333333333333,49.90302312717808,3.195262543325468,7.479231399716809
gamma,Medium,medium_100c_7v_seed2,medium,100,7,30,OK,2057.1,639.1833543428356,639.1833543428356,624.130897600149,624.130897600149,776.2449759770005,18.5,18.5,65.09829391498282,3.5685636300050345,7.10777889972087
gamma,Medium,medium_100c_7v_seed3,medium,100,7,30,OK,1593.2,645.6704158520126,645.6704158520126,652.0268476768567,652.0268476768567,831.1229711038336,20.3,20.3,75.30051527609837,2.597294883367916,4.80562039965298
gamma,Medium,medium_30c_2v_seed1,medium,30,2,30,OK,320.4,150.80110685691193,150.80110685691193,141.51112283800796,141.51112283800796,228.98281586067685,5.233333333333333,5.233333333333333,24.10788706275563,0.5063301766524091,1.1644401003140956
gamma,Medium,medium_30c_2v_seed2,medium,30,2,30,OK,260.0,160.52700733157351,160.52700733157351,176.2441366408013,176.2441366408013,243.5173055607043,7.2,7.2,30.65619334733077,0.3871394200056481,0.782883099745959
gamma,Medium,medium_30c_2v_seed3,medium,30,2,30,OK,248.2,144.7036758463069,144.7036758463069,146.83132425555905,146.83132425555905,214.0714942600412,6.466666666666667,6.466666666666667,27.0406458205256,1.0949891533780225,2.587028099806048
gamma,Medium,medium_40c_3v_seed1,medium,40,3,30,OK,297.4,201.38268601301456,201.38268601301456,197.4651384844904,197.4651384844904,245.5656264727032,7.666666666666667,7.666666666666667,22.342404171521967,0.3312762866611592,0.5951559998793527
gamma,Medium,medium_40c_3v_seed2,medium,40,3,30,OK,1495.1,165.46721174766793,165.46721174766793,159.70075743687568,159.70075743687568,218.72434161121373,7.266666666666667,7.266666666666667,24.89071466001377,2.90316419666633,5.240902700112201
gamma,Medium,medium_40c_3v_seed3,medium,40,3,30,OK,603.6,151.52575061991325,151.52575061991325,150.08534359973712,150.08534359973712,202.17137426967457,8.266666666666667,8.266666666666667,28.26440780491579,1.7822507266925338,3.396632199874148
gamma,Medium,medium_50c_3v_seed1,medium,50,3,30,OK,978.1,226.88369718043091,226.88369718043091,234.20339414706248,234.20339414706248,303.3048329602899,9.3,9.3,30.98045806025886,1.7705277099972592,3.503322100033984
gamma,Medium,medium_50c_3v_seed2,medium,50,3,30,OK,859.5,247.19141819166992,247.19141819166992,250.4883575202961,250.4883575202961,321.4262354780114,10.433333333333334,10.433333333333334,32.4493300268774,4.447613463329617,7.924447600031272
gamma,Medium,medium_50c_3v_seed3,medium,50,3,30,OK,513.0,225.2684152495084,225.2684152495084,233.49579937451583,233.49579937451583,315.9832391065161,10.5,10.5,34.12796074707103,2.923017283315615,4.75425050011836
gamma,Medium,medium_60c_4v_seed1,medium,60,4,30,OK,1033.9,306.9752394914289,306.9752394914289,300.53143664767293,300.53143664767293,391.5418460579923,11.766666666666667,11.766666666666667,43.94349245025118,2.348601186667414,4.203499400289729
gamma,Medium,medium_60c_4v_seed2,medium,60,4,30,OK,5330.8,301.84001527132125,301.84001527132125,286.249904880241,286.249904880241,373.9896338551192,11.0,11.0,44.29964957382384,1.6961573999530326,2.9352041000965983
gamma,Medium,medium_60c_4v_seed3,medium,60,4,30,OK,1075.4,260.45103365575125,260.45103365575125,254.21078489015224,254.21078489015224,324.20015517296457,11.533333333333331,11.533333333333331,34.608249830214945,2.3188642633496785,4.297661299933679
gamma,Medium,medium_80c_5v_seed1,medium,80,5,30,OK,1281.9,359.58011857865216,359.58011857865216,360.8403848113328,360.8403848113328,524.3336635031749,16.033333333333335,16.033333333333335,54.52122230239772,4.45304935326955,8.80542719992809
gamma,Medium,medium_80c_5v_seed2,medium,80,5,30,OK,1225.9,373.0233814579625,373.0233814579625,373.9065200178181,373.9065200178181,455.2963683459898,15.7,15.7,41.022904397225226,6.818166926677804,11.769843600108288
gamma,Medium,medium_80c_5v_seed3,medium,80,5,30,OK,1628.1,365.422364631638,365.422364631638,369.33454674171855,369.33454674171855,466.0254081088857,16.266666666666666,16.266666666666666,41.13164961271335,4.032425350082728,6.09493150014896
delta,Medium,medium_100c_7v_seed1,medium,100,7,30,OK,1628.3,1098.7970707982895,1098.7970707982895,1073.1695761077897,1073.1695761077897,1219.2842458360235,46.63333333333333,46.63333333333333,76.71056516507234,5.157475683403512,6.903989500016905
delta,Medium,medium_100c_7v_seed2,medium,100,7,30,OK,3184.4,1184.944457100955,1184.944457100955,1140.9817058171882,1140.9817058171882,1317.495640630912,47.13333333333333,47.13333333333333,104.61127663086864,17.195339069864712,23.676699699484743
delta,Medium,medium_100c_7v_seed3,medium,100,7,30,OK,1783.9,1208.9964092554967,1208.9964092554967,1230.660951220488,1230.660951220488,1379.2853221984562,50.3,50.3,84.98174190989852,6.603491639978407,8.33251470013056
delta,Medium,medium_30c_2v_seed1,medium,30,2,30,OK,776.8,249.9290496078202,249.9290496078202,240.5259436573814,240.5259436573814,293.2148632250755,14.566666666666666,14.566666666666666,27.228294558086315,8.04013398992829,11.0256758996984
delta,Medium,medium_30c_2v_seed2,medium,30,2,30,OK,274.5,270.40572486538895,270.40572486538895,268.19988634104163,268.19988634104163,326.1340478766279,15.4,15.4,35.4900673505946,0.9547022633370944,1.3673365999711675
delta,Medium,medium_30c_2v_seed3,medium,30,2,30,OK,269.7,221.96801149992135,221.96801149992135,223.3628426048108,223.3628426048108,287.6496298287552,14.4,14.4,26.141637868423835,2.8244885366914483,4.854047899949364
delta,Medium,medium_40c_3v_seed1,medium,40,3,30,OK,517.2,301.28272523269504,301.28272523269504,300.81081183359004,300.81081183359004,369.4363582584576,19.4,19.4,30.619482817888382,8.360661586668963,11.909790300065652
delta,Medium,medium_40c_3v_seed2,medium,40,3,30,OK,3203.6,293.3748792509799,293.3748792509799,284.3087565914078,284.3087565914078,386.58146653363787,19.03333333333333,19.03333333333333,41.17491300057581,6.305660400097258,10.755321000353431
delta,Medium,medium_40c_3v_seed3,medium,40,3,30,OK,693.1,247.93494886024692,247.93494886024692,248.1218262944376,248.1218262944376,305.165823529995,19.266666666666666,19.266666666666666,28.684736004099825,3.931734976735121,6.213316299952567
delta,Medium,medium_50c_3v_seed1,medium,50,3,30,OK,941.8,414.1515034884532,414.1515034884532,405.76946373457207,405.76946373457207,480.6307948802239,23.3,23.3,27.8889297743988,5.465931323372448,8.058269500150345
delta,Medium,medium_50c_3v_seed2,medium,50,3,30,OK,996.6,422.9351180907264,422.9351180907264,421.5345018035384,421.5345018035384,509.82616036621823,24.23333333333333,24.23333333333333,42.4852172052038,3.379796303354669,5.70356409996748
delta,Medium,medium_50c_3v_seed3,medium,50,3,30,OK,922.8,388.2901743488608,388.2901743488608,372.6589597334308,372.6589597334308,420.2725029110215,23.966666666666665,23.966666666666665,29.558445367402275,4.295759216645577,5.977540300344117
delta,Medium,medium_60c_4v_seed1,medium,60,4,30,OK,1107.9,526.0357895470172,526.0357895470172,539.1782832351229,539.1782832351229,631.5118937656141,28.366666666666667,28.366666666666667,56.86168407713628,7.893676530042042,12.225532799842767
delta,Medium,medium_60c_4v_seed2,medium,60,4,30,OK,5349.7,570.2303509894523,570.2303509894523,569.8534366541354,569.8534366541354,695.4060297634121,31.566666666666663,31.566666666666663,58.44840782430998,6.333108733283977,9.37660990038421
delta,Medium,medium_60c_4v_seed3,medium,60,4,30,OK,1618.0,464.9779529688174,464.9779529688174,454.5003850315394,454.5003850315394,550.0572788355764,27.666666666666668,27.666666666666668,47.73307945790394,5.715499669926552,8.425971599994227
delta,Medium,medium_80c_5v_seed1,medium,80,5,30,OK,1435.5,662.1292829292227,662.1292829292227,653.2137687636726,653.2137687636726,753.2515570801961,39.16666666666666,39.16666666666666,44.910796459443205,5.588097616653735,8.184055699734017
delta,Medium,medium_80c_5v_seed2,medium,80,5,30,OK,1144.1,650.5731557740545,650.5731557740545,665.6831113598583,665.6831113598583,795.6771257343096,41.1,41.1,52.14895296241108,5.03803862001126,6.558026200043969
delta,Medium,medium_80c_5v_seed3,medium,80,5,30,OK,2170.9,632.9408272846126,632.9408272846126,644.0409878808547,644.0409878808547,702.5062357674485,41.73333333333333,41.73333333333333,39.626218923669065,7.273316866632862,10.195045199943706
epsilon,Medium,medium_100c_7v_seed1,medium,100,7,30,OK,1623.7,1080.3382539113766,1080.3382539113766,1048.185688622854,1048.185688622854,1192.7905828670314,43.06666666666667,43.06666666666667,63.12358208623439,5.826353133279675,6.972567999386229
epsilon,Medium,medium_100c_7v_seed2,medium,100,7,30,OK,1845.7,1149.6886142516462,1149.6886142516462,1115.496298889222,1115.496298889222,1252.057584077418,44.4,44.4,47.2679473774201,19.257946476712824,24.89279870002065
epsilon,Medium,medium_100c_7v_seed3,medium,100,7,30,OK,1233.8,1044.0813342694114,1044.0813342694114,1044.3504807302782,1044.3504807302782,1184.3754723157722,41.93333333333333,41.93333333333333,73.94581690892697,8.133917216599608,9.33384070068132
epsilon,Medium,medium_30c_2v_seed1,medium,30,2,30,OK,425.4,212.33984894021648,212.33984894021648,209.46908112347924,209.46908112347924,242.15546249626527,13.533333333333331,13.533333333333331,19.258562181846973,0.9197277400293388,1.3727857002522796
epsilon,Medium,medium_30c_2v_seed2,medium,30,2,30,OK,280.8,244.84417129517573,244.84417129517573,246.68228161128332,246.68228161128332,288.9742454593168,12.2,12.2,24.339223251358508,0.7665983199879217,1.0393211997579783
epsilon,Medium,medium_30c_2v_seed3,medium,30,2,30,OK,265.0,224.6520590521808,224.6520590521808,208.5599497053441,208.5599497053441,241.36536599400503,12.8,12.8,13.141740962059824,1.7687079833083166,2.068634999915957
epsilon,Medium,medium_40c_3v_seed1,medium,40,3,30,OK,316.2,310.2258567164601,310.2258567164601,309.0411558067099,309.0411558067099,346.6778546662885,16.866666666666667,16.866666666666667,15.567487078910409,0.7784083100191007,1.0674655998591334
epsilon,Medium,medium_40c_3v_seed2,medium,40,3,30,OK,2001.4,291.94310789821066,291.94310789821066,295.34020015848324,295.34020015848324,340.114310782816,18.83333333333333,18.83333333333333,23.41121920157497,5.300854146589215,7.159107499872334
epsilon,Medium,medium_40c_3v_seed3,medium,40,3,30,OK,877.6,246.42680909306404,246.42680909306404,246.5484602248828,246.5484602248828,278.76736682318307,17.766666666666666,17.766666666666666,14.82824874622822,10.850076823375032,13.259817300131544
epsilon,Medium,medium_50c_3v_seed1,medium,50,3,30,OK,970.2,373.3771931958044,373.3771931958044,400.2135248902601,400.2135248902601,432.8576377503965,23.266666666666666,23.266666666666666,22.623307157378434,7.340667063401391,8.767651800531894
epsilon,Medium,medium_50c_3v_seed2,medium,50,3,30,OK,942.1,390.00426000157415,390.00426000157415,404.1082736268823,404.1082736268823,455.19668671775287,22.6,22.6,22.30962814377939,4.114801953341035,5.428806899813935
epsilon,Medium,medium_50c_3v_seed3,medium,50,3,30,OK,915.5,356.3428797365714,356.3428797365714,347.49511476931855,347.49511476931855,391.8166814634488,22.5,22.5,21.07659403022899,3.551855146687012,4.794737600139342
epsilon,Medium,medium_60c_4v_seed1,medium,60,4,30,OK,1290.4,517.9841166604858,517.9841166604858,499.2697064478991,499.2697064478991,552.4089115484566,25.933333333333334,25.933333333333334,34.57381285323321,7.837480473343748,10.08509070018772
epsilon,Medium,medium_60c_4v_seed2,medium,60,4,30,OK,3999.9,470.8622733472724,470.8622733472724,473.5276368809853,473.5276368809853,542.3232947246535,27.83333333333333,27.83333333333333,34.277163562695776,18.1255823366732,23.540573100093752
epsilon,Medium,medium_60c_4v_seed3,medium,60,4,30,OK,1418.5,433.6560849221617,433.6560849221617,428.0611453380496,428.0611453380496,498.9587003267876,26.1,26.1,29.67842877478008,11.431858739974754,15.584182900143787
epsilon,Medium,medium_80c_5v_seed1,medium,80,5,30,OK,1740.7,544.9090799727747,544.9090799727747,543.4572767621528,543.4572767621528,606.568515412753,34.166666666666664,34.166666666666664,33.304048031473634,13.187856576611132,16.853010200429708
epsilon,Medium,medium_80c_5v_seed2,medium,80,5,30,OK,1311.3,590.4222927357619,590.4222927357619,584.7261785598689,584.7261785598689,662.1995350050539,34.766666666666666,34.766666666666666,34.85271153376453,6.388836690011279,7.433998300228268
epsilon,Medium,medium_80c_5v_seed3,medium,80,5,30,OK,1550.3,593.8210635727642,593.8210635727642,603.706330696288,603.706330696288,666.1401574843883,36.66666666666666,36.66666666666666,35.55599033951513,11.692360619979445,14.947849299875088
alpha,Large,large_150c_9v_seed1,large,150,9,30,OK,6483.2,425.85884805491366,425.85884805491366,425.8588480549137,425.8588480549137,425.8588480549137,0.0,0.0,0.0,0.0,0.0
alpha,Large,large_150c_9v_seed2,large,150,9,30,OK,2065.3,469.3237331115949,469.3237331115949,469.3237331115948,469.3237331115948,469.3237331115948,0.0,0.0,0.0,0.0,0.0
alpha,Large,large_150c_9v_seed3,large,150,9,30,OK,1828.1,429.0896521118884,429.0896521118884,429.0896521118884,429.0896521118884,429.0896521118884,0.0,0.0,0.0,0.0,0.0
alpha,Large,large_180c_11v_seed1,large,180,11,30,OK,2594.0,583.5584722098707,583.5584722098707,583.5584722098708,583.5584722098708,583.5584722098708,0.0,0.0,0.0,0.0,0.0
alpha,Large,large_180c_11v_seed2,large,180,11,30,OK,2719.1,585.6361569263323,585.6361569263323,585.6361569263323,585.6361569263323,585.6361569263323,0.0,0.0,0.0,0.0,0.0
alpha,Large,large_180c_11v_seed3,large,180,11,30,OK,2071.7,567.9539765122212,567.9539765122212,567.953976512221,567.953976512221,567.953976512221,0.0,0.0,0.0,0.0,0.0
alpha,Large,large_200c_13v_seed1,large,200,13,30,OK,2579.6,666.7522140805806,666.7522140805806,666.7522140805805,666.7522140805805,666.7522140805805,0.0,0.0,0.0,0.0,0.0
alpha,Large,large_200c_13v_seed2,large,200,13,30,OK,2950.7,666.3281033930233,666.3281033930233,666.328103393023,666.328103393023,666.328103393023,0.0,0.0,0.0,0.0,0.0
alpha,Large,large_200c_13v_seed3,large,200,13,30,OK,2420.3,687.5663604069509,687.5663604069509,687.566360406951,687.566360406951,687.566360406951,0.0,0.0,0.0,0.0,0.0
alpha,Large,large_250c_15v_seed1,large,250,15,30,OK,5858.4,849.8223182805075,849.8223182805075,849.8223182805074,849.8223182805074,849.8223182805074,0.0,0.0,0.0,0.0,0.0
alpha,Large,large_250c_15v_seed2,large,250,15,30,OK,3598.3,885.2899622454429,885.2899622454429,885.2899622454429,885.2899622454429,885.2899622454429,0.0,0.0,0.0,0.0,0.0
alpha,Large,large_250c_15v_seed3,large,250,15,30,OK,5497.6,876.1985958141959,876.1985958141959,876.1985958141958,876.1985958141958,876.1985958141958,0.0,0.0,0.0,0.0,0.0
alpha,Large,large_280c_18v_seed1,large,280,18,30,OK,3731.8,1089.2582572807971,1089.2582572807971,1089.2582572807964,1089.2582572807964,1089.2582572807964,0.0,0.0,0.0,0.0,0.0
alpha,Large,large_280c_18v_seed2,large,280,18,30,OK,8044.9,1054.8218477219154,1054.8218477219154,1054.821847721916,1054.821847721916,1054.821847721916,0.0,0.0,0.0,0.0,0.0
alpha,Large,large_280c_18v_seed3,large,280,18,30,OK,8398.9,1068.3027769395048,1068.3027769395048,1068.302776939505,1068.302776939505,1068.302776939505,0.0,0.0,0.0,0.0,0.0
alpha,Large,large_300c_20v_seed1,large,300,20,30,OK,3482.3,1131.8838459331398,1131.8838459331398,1131.8838459331405,1131.8838459331405,1131.88384593314,0.0,0.0,2.273736754432321e-13,0.0,0.0
alpha,Large,large_300c_20v_seed2,large,300,20,30,OK,3536.6,1172.0359495823564,1172.0359495823564,1172.0359495823557,1172.0359495823557,1172.035949582356,0.0,0.0,2.273736754432321e-13,0.0,0.0
alpha,Large,large_300c_20v_seed3,large,300,20,30,OK,3511.2,1176.3895685747505,1176.3895685747505,1176.3895685747505,1176.3895685747505,1176.3895685747505,0.0,0.0,0.0,0.0,0.0
beta,Large,large_150c_9v_seed1,large,150,9,30,OK,7066.5,1354.5806966988046,1354.5806966988046,1357.9606852069885,1357.9606852069885,1381.659362059498,44.53333333333333,44.53333333333333,18.0213830997004,12.734737503319048,14.84644990018569
beta,Large,large_150c_9v_seed2,large,150,9,30,OK,2018.8,1446.5112972904324,1446.5112972904324,1451.3648918648626,1451.3648918648626,1464.2455849528371,44.3,44.3,7.869776054437055,8.992872126730314,11.00288899964653
beta,Large,large_150c_9v_seed3,large,150,9,30,OK,2131.9,1330.7796089089716,1330.7796089089716,1281.422674974577,1281.422674974577,1321.9693251950084,43.2,43.2,18.20207448050333,10.075665310025215,11.099941299995407
beta,Large,large_180c_11v_seed1,large,180,11,30,OK,2690.3,1880.884264291601,1880.884264291601,1862.0247025022693,1862.0247025022693,1902.4107296975312,52.93333333333333,52.93333333333333,16.68344085855968,6.837038223294075,7.523961499449797
beta,Large,large_180c_11v_seed2,large,180,11,30,OK,3771.7,1806.454347952064,1806.454347952064,1787.584130871482,1787.584130871482,1800.9107630679557,53.63333333333333,53.63333333333333,14.96832073365821,7.19200086662313,8.195890600094572
beta,Large,large_180c_11v_seed3,large,180,11,30,OK,2564.8,1875.9944263916868,1875.9944263916868,1821.201749634896,1821.201749634896,1867.5956594517424,50.7,50.7,21.54766321644471,18.01417794332762,24.68980830023065
beta,Large,large_200c_13v_seed1,large,200,13,30,OK,3438.0,2213.5739418468324,2213.5739418468324,2233.9835309204777,2233.9835309204777,2247.0605822878665,58.63333333333333,58.63333333333333,16.804681565637754,29.920348756667227,36.268384300754406
beta,Large,large_200c_13v_seed2,large,200,13,30,OK,2142.2,2117.799097156696,2117.799097156696,2125.4831788284578,2125.4831788284578,2174.5923842412026,58.266666666666666,58.266666666666666,19.07596415004248,6.486725480020201,7.447448600200005
beta,Large,large_200c_13v_seed3,large,200,13,30,OK,2516.2,2118.889964503109,2118.889964503109,2074.1575457811937,2074.1575457811937,2117.031212442378,58.23333333333333,58.23333333333333,27.650663037158967,10.718602716682168,14.875848999945449
beta,Large,large_250c_15v_seed1,large,250,15,30,OK,4752.9,2777.27504505384,2777.27504505384,2737.338550409442,2737.338550409442,2806.895333285928,73.23333333333333,73.23333333333333,37.511598954160974,11.48364468671692,13.187201700173318
beta,Large,large_250c_15v_seed2,large,250,15,30,OK,3235.7,2898.2557089728957,2898.2557089728957,2847.702209088149,2847.702209088149,2888.7358426252044,73.7,73.7,21.235358487141596,9.391984863226147,11.159263300476596
beta,Large,large_250c_15v_seed3,large,250,15,30,OK,6152.7,2946.3332675293677,2946.3332675293677,2936.1493580833467,2936.1493580833467,2992.439850790656,72.9,72.9,29.438696308982014,13.92012809677981,17.161285200039856
beta,Large,large_280c_18v_seed1,large,280,18,30,OK,4498.8,3400.6521637770734,3400.6521637770734,3336.947199056641,3336.947199056641,3374.5058465062643,79.9,79.9,20.502752687337377,10.71985717661446,11.68556369934231
beta,Large,large_280c_18v_seed2,large,280,18,30,OK,8664.6,3578.515510992742,3578.515510992742,3635.194896039885,3635.194896039885,3683.346034689991,81.56666666666666,81.56666666666666,32.04504792803851,11.813348809881912,15.661656600423155
beta,Large,large_280c_18v_seed3,large,280,18,30,OK,8302.5,3549.254574801977,3549.254574801977,3618.837511325553,3618.837511325553,3634.520574720368,83.4,83.4,17.301903516697735,23.8594360333945,26.246175799984485
beta,Large,large_300c_20v_seed1,large,300,20,30,OK,3901.5,3682.432011083591,3682.432011083591,3613.633001585505,3613.633001585505,3634.999252375085,88.36666666666666,88.36666666666666,20.96444742423605,12.306981639990893,13.723927099839784
beta,Large,large_300c_20v_seed2,large,300,20,30,OK,3831.5,3991.19716447741,3991.19716447741,3888.373553958356,3888.373553958356,3942.21887992908,84.86666666666666,84.86666666666666,25.01791857786127,7.093488036713097,7.868932300363667
beta,Large,large_300c_20v_seed3,large,300,20,30,OK,3846.4,3774.386396227301,3774.386396227301,3793.6515096468,3793.6515096468,3873.921014916836,86.76666666666667,86.76666666666667,40.67115982802514,8.66283934006157,9.37715380010195
gamma,Large,large_150c_9v_seed1,large,150,9,30,OK,6253.1,1083.481187771425,1083.481187771425,1100.2047002559832,1100.2047002559832,1304.632361782566,31.1,31.1,95.81367479642456,9.538230596711704,15.669287800206805
gamma,Large,large_150c_9v_seed2,large,150,9,30,OK,1650.6,1128.4692418859215,1128.4692418859215,1130.225420916109,1130.225420916109,1369.888338940932,29.8,29.8,112.02121287541765,4.346270070019333,6.4133333002682775
gamma,Large,large_150c_9v_seed3,large,150,9,30,OK,1742.1,1064.708849875814,1064.708849875814,1070.499783497387,1070.499783497387,1263.9993827386393,30.666666666666668,30.666666666666668,100.19460362487536,5.501377643287802,8.746197000029497
gamma,Large,large_180c_11v_seed1,large,180,11,30,OK,2747.5,1475.4833195436297,1475.4833195436297,1494.4031825489142,1494.4031825489142,1730.5943464309871,37.43333333333333,37.43333333333333,111.09126628677132,7.02647400998588,10.19677909987513
gamma,Large,large_180c_11v_seed2,large,180,11,30,OK,4478.9,1464.7849405052757,1464.7849405052757,1436.5593600117234,1436.5593600117234,1750.036496167158,35.766666666666666,35.766666666666666,152.21416437194645,13.4723735833851,24.73819200019352
gamma,Large,large_180c_11v_seed3,large,180,11,30,OK,1852.1,1443.5420483700532,1443.5420483700532,1418.3150469473244,1418.3150469473244,1665.137756271955,34.56666666666667,34.56666666666667,117.65719431093106,6.655604393399941,9.973082500160672
gamma,Large,large_200c_13v_seed1,large,200,13,30,OK,3178.1,1669.3973543839184,1669.3973543839184,1660.0583848408717,1660.0583848408717,1896.4878315218289,38.5,38.5,116.70609397365877,15.241198876632067,22.35794169991277
gamma,Large,large_200c_13v_seed2,large,200,13,30,OK,2513.0,1706.4044476267095,1706.4044476267095,1666.5414500365457,1666.5414500365457,1857.9787680670688,38.86666666666667,38.86666666666667,121.15918684448016,4.672601000087647,6.728619099827483
gamma,Large,large_200c_13v_seed3,large,200,13,30,OK,2641.7,1662.1940988714714,1662.1940988714714,1682.9488992271042,1682.9488992271042,2159.3762951362773,39.766666666666666,39.766666666666666,181.68936790264868,6.025932766656236,9.194945799652489
gamma,Large,large_250c_15v_seed1,large,250,15,30,OK,5051.1,2180.5152478828654,2180.5152478828654,2165.7119837771875,2165.7119837771875,2503.1810441624493,48.66666666666666,48.66666666666666,156.34030157537643,13.81270786995689,20.467974599800076
gamma,Large,large_250c_15v_seed2,large,250,15,30,OK,4806.3,2335.817233702875,2335.817233702875,2315.6425828978768,2315.6425828978768,2719.6556290385624,50.6,50.6,160.58720522832297,14.477225380111486,19.969011000241156
gamma,Large,large_250c_15v_seed3,large,250,15,30,OK,5382.2,2146.330372377258,2146.330372377258,2139.7145390555797,2139.7145390555797,2395.4453334694954,47.56666666666667,47.56666666666667,132.09210944292573,13.90962315001525,21.32596499903593
gamma,Large,large_280c_18v_seed1,large,280,18,30,OK,4367.8,2730.495843252374,2730.495843252374,2710.179532142757,2710.179532142757,3273.5047872378896,55.73333333333333,55.73333333333333,218.14673145253545,10.717153760049648,16.60844470001757
gamma,Large,large_280c_18v_seed2,large,280,18,30,OK,8606.9,2697.304417029469,2697.304417029469,2697.2023908896526,2697.2023908896526,3168.9612879927663,55.1,55.1,242.8605644856348,12.30610158665804,21.614606299670413
gamma,Large,large_280c_18v_seed3,large,280,18,30,OK,7250.8,2686.032769739084,2686.032769739084,2722.2117046658427,2722.2117046658427,3204.652479827668,53.833333333333336,53.833333333333336,212.1703412091589,8.625454850223226,13.373670200351626
gamma,Large,large_300c_20v_seed1,large,300,20,30,OK,4668.5,2838.864604471149,2838.864604471149,2757.9697236054767,2757.9697236054767,3120.440360530485,57.53333333333333,57.53333333333333,236.66702747025428,18.2982864300798,26.717411098303277
gamma,Large,large_300c_20v_seed2,large,300,20,30,OK,3947.0,2941.047281011713,2941.047281011713,2959.164860424061,2959.164860424061,3409.270075830509,58.66666666666666,58.66666666666666,236.13581506027973,10.08510848004371,13.677415899932384
gamma,Large,large_300c_20v_seed3,large,300,20,30,OK,4525.0,2907.46073055892,2907.46073055892,2871.955492028256,2871.955492028256,3361.2698764279394,55.7,55.7,222.81100515969004,11.297589146795993,15.421375699108468
delta,Large,large_150c_9v_seed1,large,150,9,30,OK,7467.3,1986.7107642525168,1986.7107642525168,1924.6807556697063,1924.6807556697063,2181.119398873589,69.83333333333333,69.83333333333333,145.2171323306005,47.45036205033151,67.15313580119982
delta,Large,large_150c_9v_seed2,large,150,9,30,OK,2038.9,2094.152268917685,2094.152268917685,2023.060659142456,2023.060659142456,2315.697926565485,68.2,68.2,161.8697249981685,10.80963566324984,13.163181000156328
delta,Large,large_150c_9v_seed3,large,150,9,30,OK,2447.6,2013.107640388875,2013.107640388875,1988.1605185917845,1988.1605185917845,2222.0763146993795,73.2,73.2,101.64186186899,15.08792537317301,19.85069069894962
delta,Large,large_180c_11v_seed1,large,180,11,30,OK,2990.4,2833.18644966198,2833.18644966198,2848.1173314368016,2848.1173314368016,3090.4455804272493,90.1,90.1,137.77520604967117,19.7863892167729,28.41400270094164
delta,Large,large_180c_11v_seed2,large,180,11,30,OK,3675.7,2738.286732120813,2738.286732120813,2665.059183632368,2665.059183632368,3066.69672915344,86.66666666666667,86.66666666666667,171.95113838487555,15.31119093662904,23.960820398991928
delta,Large,large_180c_11v_seed3,large,180,11,30,OK,2337.2,2737.958259007205,2737.958259007205,2721.092742930626,2721.092742930626,3123.6194982042825,88.1,88.1,164.8825906921702,12.065191093304504,14.369669600622728
delta,Large,large_200c_13v_seed1,large,200,13,30,OK,3360.8,3108.442083351152,3108.442083351152,3020.3494590257874,3020.3494590257874,3455.6815150933608,92.7,92.7,180.88563282446492,29.27993156001903,39.11390070151538
delta,Large,large_200c_13v_seed2,large,200,13,30,OK,3274.8,3170.237279767457,3170.237279767457,3180.518912643605,3180.518912643605,3517.038242768387,98.73333333333332,98.73333333333332,191.842196564614,28.70491699349756,37.339525701943785
delta,Large,large_200c_13v_seed3,large,200,13,30,OK,2233.7,3170.080613769592,3170.080613769592,3044.743731313613,3044.743731313613,3249.3564873868154,97.06666666666666,97.06666666666666,110.83836173034894,13.802904040094775,16.991321400972083
delta,Large,large_250c_15v_seed1,large,250,15,30,OK,4430.7,4089.557992524628,4089.557992524628,4032.6052198166926,4032.6052198166926,4500.321641624794,118.53333333333332,118.53333333333332,222.27383222923476,24.454701473082725,30.795178797561675
delta,Large,large_250c_15v_seed2,large,250,15,30,OK,4162.9,4413.900426279636,4413.900426279636,4332.642441184263,4332.642441184263,4739.055458190173,119.93333333333334,119.93333333333334,194.55132047859595,30.489311649999586,38.85344730131328
delta,Large,large_250c_15v_seed3,large,250,15,30,OK,5486.6,4153.235361450105,4153.235361450105,4179.90342226003,4179.90342226003,4730.668686477127,124.76666666666668,124.76666666666668,230.008485530863,14.68740820348418,17.12623960035853
delta,Large,large_280c_18v_seed1,large,280,18,30,OK,5009.4,5163.541399229918,5163.541399229918,4992.817291781223,4992.817291781223,5624.958940636783,131.56666666666666,131.56666666666666,219.73791322643757,20.28502556026603,25.545881798956543
delta,Large,large_280c_18v_seed2,large,280,18,30,OK,8767.5,5196.682891865392,5196.682891865392,4949.217915749857,4949.217915749857,5392.776495039417,129.23333333333332,129.23333333333332,214.5117080618563,19.62027517304911,22.51009810063988
delta,Large,large_280c_18v_seed3,large,280,18,30,OK,8748.5,5156.635971744057,5156.635971744057,5053.817563433855,5053.817563433855,5426.986518248626,133.9,133.9,235.6517052531264,20.733671790206184,24.32284780056216
delta,Large,large_300c_20v_seed1,large,300,20,30,OK,4200.7,5221.147016755724,5221.147016755724,5172.098296005892,5172.098296005892,5674.397573465809,141.7,141.7,291.17347528236814,26.89978621309468,37.2291593994014
delta,Large,large_300c_20v_seed2,large,300,20,30,OK,4286.3,5459.420934279996,5459.420934279996,5424.6832814338895,5424.6832814338895,5885.953780715652,142.36666666666667,142.36666666666667,247.200827179798,23.423190580160977,28.5959459010046
delta,Large,large_300c_20v_seed3,large,300,20,30,OK,4156.2,5590.1732879966685,5590.1732879966685,5506.25821173287,5506.25821173287,6146.963413543551,144.93333333333334,144.93333333333334,251.02221394348112,16.233600093680433,18.42696660174988
epsilon,Large,large_150c_9v_seed1,large,150,9,30,OK,7323.1,1839.2203933002024,1839.2203933002024,1823.0189702380892,1823.0189702380892,1953.672091444812,66.53333333333333,66.53333333333333,74.13095154495137,47.96372804665783,58.74256889941171
epsilon,Large,large_150c_9v_seed2,large,150,9,30,OK,2345.3,2063.4292872186124,2063.4292872186124,2061.897652363325,2061.897652363325,2229.2384875692665,67.66666666666667,67.66666666666667,78.94956841001802,13.969279450077254,17.996101501164958
epsilon,Large,large_150c_9v_seed3,large,150,9,30,OK,2038.3,1899.483093178116,1899.483093178116,1881.4204042864,1881.4204042864,2034.1472647918056,66.03333333333333,66.03333333333333,80.09992223593777,10.932487643067724,13.176548299612476
epsilon,Large,large_180c_11v_seed1,large,180,11,30,OK,2808.1,2602.910070545918,2602.910070545918,2596.068321198484,2596.068321198484,2827.696422003698,79.56666666666666,79.56666666666666,134.64577791567342,17.61116659648251,20.655589799629524
epsilon,Large,large_180c_11v_seed2,large,180,11,30,OK,4314.9,2489.6331916481954,2489.6331916481954,2449.339729688352,2449.339729688352,2634.2842253453327,78.03333333333333,78.03333333333333,86.94412999162601,14.526311816841677,17.192537900991738
epsilon,Large,large_180c_11v_seed3,large,180,11,30,OK,2521.6,2568.9921958098307,2568.9921958098307,2531.729373303376,2531.729373303376,2721.4407758615425,79.13333333333334,79.13333333333334,96.92331002069264,22.31865336674576,29.17419479903765
epsilon,Large,large_200c_13v_seed1,large,200,13,30,OK,3655.8,2987.827857493035,2987.827857493035,2933.1768880223026,2933.1768880223026,3138.3899143971566,86.7,86.7,91.55811697666844,23.143088916596025,27.668165700277317
epsilon,Large,large_200c_13v_seed2,large,200,13,30,OK,2668.9,2950.547607848258,2950.547607848258,2881.998486306732,2881.998486306732,3138.22410909596,86.43333333333334,86.43333333333334,134.83961345532109,11.076595766904454,13.708800001768395
epsilon,Large,large_200c_13v_seed3,large,200,13,30,OK,2004.1,2878.689529025527,2878.689529025527,2795.761560881697,2795.761560881697,3070.1640343132985,86.7,86.7,102.42421294964416,10.932776536800278,12.1518087007571
epsilon,Large,large_250c_15v_seed1,large,250,15,30,OK,4463.9,3708.773715818376,3708.773715818376,3595.7440030167127,3595.7440030167127,3826.013381705856,107.53333333333332,107.53333333333332,120.46953803259032,20.354452950422036,24.549093301640823
epsilon,Large,large_250c_15v_seed2,large,250,15,30,OK,3670.4,4147.037921108467,4147.037921108467,4096.182982645401,4096.182982645401,4383.186669445985,110.8,110.8,168.48222946466146,28.10101112985673,35.1240808989387
epsilon,Large,large_250c_15v_seed3,large,250,15,30,OK,5050.7,3816.384722453525,3816.384722453525,3820.1765634065,3820.1765634065,4017.876928210315,110.93333333333334,110.93333333333334,116.73697043904102,14.037774799834006,16.054107499076054
epsilon,Large,large_280c_18v_seed1,large,280,18,30,OK,4437.4,4783.813876652279,4783.813876652279,4716.097470774163,4716.097470774163,5066.765161401561,118.3,118.3,178.32685621217794,25.957341477119677,29.905964299105108
epsilon,Large,large_280c_18v_seed2,large,280,18,30,OK,8293.0,4855.868729100972,4855.868729100972,4772.766876601954,4772.766876601954,5047.388091734247,119.56666666666666,119.56666666666666,130.6769786835741,15.892945833263608,20.08855670085177
epsilon,Large,large_280c_18v_seed3,large,280,18,30,OK,8289.0,4883.929486286953,4883.929486286953,4898.444471282996,4898.444471282996,5144.35956775193,122.13333333333334,122.13333333333334,126.096756023602,16.173706140082018,19.15694200270809
epsilon,Large,large_300c_20v_seed1,large,300,20,30,OK,3975.0,4958.189541409759,4958.189541409759,4884.308005317499,4884.308005317499,5059.895330080294,133.1,133.1,104.76898287675122,20.68492972014161,22.714570800308135
epsilon,Large,large_300c_20v_seed2,large,300,20,30,OK,3571.4,5038.876595718438,5038.876595718438,4977.412130189586,4977.412130189586,5313.0676659234,129.23333333333332,129.23333333333332,146.3785179932195,16.046575970024183,18.37211119988933
epsilon,Large,large_300c_20v_seed3,large,300,20,30,OK,4180.4,5063.2765909498185,5063.2765909498185,5064.754384179506,5064.754384179506,5401.638923711293,131.83333333333334,131.83333333333334,166.0434317891009,20.168920539901592,22.48301950003952
