experiment,instance_class,instance_name,instance_scale,analysis_mode,parameter_name,parameter_value,x_numeric,parameter_order,is_baseline,repeat_index,seed,z_total,solve_seconds,unserved_count,sortie_count,avg_customers_per_sortie,drone_serviceable_count,drone_served_customers,drone_utilization,sortie_attempted,sortie_selected,sortie_feasible_rate,z_fixed,z_truck,z_drone,z_fail_expected,z_unserved_penalty,z_tw_penalty,z_fixed_ratio,z_truck_ratio,z_drone_ratio,z_fail_expected_ratio,z_unserved_penalty_ratio,z_tw_penalty_ratio,online_success_rate,mc_mean,mc_std,drone_capacity_factor,drone_speed_factor,drone_battery_factor,target_serviceable_count,ratio_seed
5.1,deterministic,large_150c_9v_seed1.json,large,penalty_multiplier,failure_penalty_multiplier,1.0,1.0,1,True,1,2026,1157.6860220908889,4932.774388300022,0.0,27.0,1.3333333333333333,139.0,36.0,0.2589928057553957,272294.0,62.0,0.00022769506489309348,198.0,335.391296680335,22.617035565824462,601.6776898447292,0.0,0.0,0.1710308289309683,0.28970834084580815,0.01953641586254621,0.5197244143606772,0.0,0.0,73.33333333333333,1394.0164865008865,4.141482505448968,,,,,
5.1,deterministic,large_150c_9v_seed1.json,large,penalty_multiplier,failure_penalty_multiplier,2.0,2.0,2,False,1,2026,1781.61591848229,5245.757170099998,0.0,28.0,1.2857142857142858,139.0,36.0,0.2589928057553957,272294.0,62.0,0.00022769506489309348,176.0,316.39736871854944,21.766000311789252,1267.4525494519512,0.0,0.0,0.09878672399263787,0.1775901109977058,0.012216999234229515,0.7114061657754267,0.0,0.0,73.33333333333333,2226.360143125008,6.313156018498363,,,,,
5.1,deterministic,large_150c_9v_seed1.json,large,penalty_multiplier,failure_penalty_multiplier,3.0,3.0,3,False,1,2026,2374.620067394524,5422.767516199965,0.0,24.0,1.4166666666666667,139.0,34.0,0.2446043165467626,272294.0,63.0,0.0002313675659397563,198.0,443.0870606531528,19.892992577492684,1713.6400141638787,0.0,0.0,0.08338175976810015,0.1865928224633071,0.008377337010934821,0.721648080757658,0.0,0.0,73.33333333333333,3243.1292676528005,7.582308082224554,,,,,
5.1,deterministic,large_150c_9v_seed1.json,large,penalty_multiplier,failure_penalty_multiplier,5.0,5.0,4,False,1,2026,3492.9691599332264,6151.549932199996,0.0,19.0,1.1578947368421053,139.0,22.0,0.15827338129496402,272294.0,63.0,0.0002313675659397563,198.0,427.10762021630825,14.841632546949668,2853.0199071699685,0.0,0.0,0.056685298648266644,0.12227637882278729,0.004249001885614527,0.8167893206433315,0.0,0.0,73.33333333333333,4929.79023507388,5.302921761821803,,,,,
5.1,deterministic,large_150c_9v_seed1.json,large,penalty_multiplier,failure_penalty_multiplier,10.0,10.0,5,False,1,2026,6460.772092841524,6230.912443100009,0.0,28.0,1.3214285714285714,139.0,37.0,0.26618705035971224,272294.0,63.0,0.0002313675659397563,198.0,394.2693329026848,22.10388399520802,5846.398875943631,0.0,0.0,0.030646491960207384,0.061025110812921515,0.0034212449653964606,0.9049071522614746,0.0,0.0,73.33333333333333,9202.728006010288,10.25934913197568,,,,,
5.1,deterministic,large_150c_9v_seed2.json,large,penalty_multiplier,failure_penalty_multiplier,1.0,1.0,1,True,1,2026,1222.971971239856,1768.2517715001013,0.0,22.0,1.0909090909090908,139.0,24.0,0.17266187050359713,313104.0,53.0,0.00016927282947519034,198.0,344.8981830657149,15.766535937868014,664.3072522362733,0.0,0.0,0.1619006850985035,0.2820164248867087,0.012891984696823271,0.5431909053179647,0.0,0.0,60.0,1883.0631376496058,3.6458151550015376,,,,,
5.1,deterministic,large_150c_9v_seed2.json,large,penalty_multiplier,failure_penalty_multiplier,2.0,2.0,2,False,1,2026,1933.1216352208128,1784.6534265000373,0.0,21.0,1.4761904761904763,139.0,31.0,0.22302158273381295,313104.0,54.0,0.00017246665644642036,198.0,413.65340942920636,19.19027398031659,1302.2779518112898,0.0,0.0,0.10242500854188787,0.21398209087963385,0.009927090789672199,0.6736658097888061,0.0,0.0,60.0,3291.184737633687,4.3118032518219644,,,,,
5.1,deterministic,large_150c_9v_seed2.json,large,penalty_multiplier,failure_penalty_multiplier,3.0,3.0,3,False,1,2026,2448.3682134599367,2009.3536789999343,0.0,20.0,1.1,139.0,22.0,0.15827338129496402,313104.0,54.0,0.00017246665644642036,198.0,433.96318965694167,15.387469275042369,1801.0175545279526,0.0,0.0,0.08087018893297682,0.17724588453289963,0.006284785593298243,0.7355991409408253,0.0,0.0,60.0,4652.00110033255,11.926877734879593,,,,,
5.1,deterministic,large_150c_9v_seed2.json,large,penalty_multiplier,failure_penalty_multiplier,5.0,5.0,4,False,1,2026,3787.2676825855006,1853.0279415000696,0.0,23.0,1.2173913043478262,139.0,28.0,0.2014388489208633,313104.0,55.0,0.00017566048341765037,198.0,473.9654193939946,19.041898703510412,3096.2603644879955,0.0,0.0,0.052280434496467625,0.12514706092029565,0.005027872413420444,0.8175446321698162,0.0,0.0,60.0,7351.885814239181,13.543754108262176,,,,,
5.1,deterministic,large_150c_9v_seed2.json,large,penalty_multiplier,failure_penalty_multiplier,10.0,10.0,5,False,1,2026,6902.343077010135,2342.4068628000095,0.0,27.0,1.4444444444444444,139.0,39.0,0.2805755395683453,313104.0,54.0,0.00017246665644642036,198.0,491.48746583380876,22.078497616002014,6190.777113560324,0.0,0.0,0.02868591111610856,0.07120588767469738,0.0031986960615648916,0.8969095051476292,0.0,0.0,60.0,14091.60980261363,14.927005293820077,,,,,
5.1,deterministic,large_150c_9v_seed3.json,large,penalty_multiplier,failure_penalty_multiplier,1.0,1.0,1,True,1,2026,1203.5716618123488,2018.9365562000312,0.0,26.0,1.3076923076923077,136.0,34.0,0.25,160158.0,57.0,0.00035589855018169556,176.0,299.03382586330156,22.228745488371143,706.309090460676,0.0,0.0,0.14623142566764796,0.24845535612978276,0.018468983770271646,0.5868442344322976,0.0,0.0,74.0,1268.4147664640125,3.859835510956121,,,,,
5.1,deterministic,large_150c_9v_seed3.json,large,penalty_multiplier,failure_penalty_multiplier,2.0,2.0,2,False,1,2026,1845.727112528279,1849.3294488999527,0.0,24.0,1.2916666666666667,136.0,31.0,0.22794117647058823,160158.0,56.0,0.0003496547159679816,198.0,395.2396759832478,17.473342387157864,1235.0140941578732,0.0,0.0,0.10727479628815735,0.2141376551823244,0.009466915379068611,0.6691206331504497,0.0,0.0,74.0,2133.4444520610946,5.126187360773236,,,,,
5.1,deterministic,large_150c_9v_seed3.json,large,penalty_multiplier,failure_penalty_multiplier,3.0,3.0,3,False,1,2026,2443.0321529402518,1850.055531800026,0.0,24.0,1.25,136.0,30.0,0.22058823529411764,160158.0,56.0,0.0003496547159679816,198.0,462.33783781749264,19.45775322089125,1763.2365619018676,0.0,0.0,0.08104682525839946,0.18924754521182097,0.007964591541488042,0.7217410379882914,0.0,0.0,74.0,2968.6951380635746,5.939515343176408,,,,,
5.1,deterministic,large_150c_9v_seed3.json,large,penalty_multiplier,failure_penalty_multiplier,5.0,5.0,4,False,1,2026,3644.963936992182,2019.0011344000231,0.0,24.0,1.2916666666666667,136.0,31.0,0.22794117647058823,160158.0,56.0,0.0003496547159679816,198.0,530.3211987831171,18.717940963756693,2897.924797245308,0.0,0.0,0.05432152510221796,0.14549422379765362,0.005135288383457288,0.7950489627166711,0.0,0.0,74.0,4601.666312555321,7.38518826338683,,,,,
5.1,deterministic,large_150c_9v_seed3.json,large,penalty_multiplier,failure_penalty_multiplier,10.0,10.0,5,False,1,2026,6789.820017713006,2409.176696700044,0.0,28.0,1.2857142857142858,136.0,36.0,0.2647058823529412,160158.0,56.0,0.0003496547159679816,198.0,406.80162887761287,24.711298366889306,6160.307090468504,0.0,0.0,0.029161303169077484,0.059913462774619265,0.0036394629463554966,0.9072857711099478,0.0,0.0,74.0,8407.672882213024,13.845173740188672,,,,,
5.1,deterministic,medium_60c_4v_seed1.json,medium,penalty_multiplier,failure_penalty_multiplier,1.0,1.0,1,True,1,2026,311.3601029956373,1173.819250700064,0.0,6.0,1.5,57.0,9.0,0.15789473684210525,80462.0,18.0,0.00022370808580447914,66.0,109.26730466428779,6.152549564778203,129.9402487665713,0.0,0.0,0.21197320840083603,0.35093547186364726,0.019760237440775805,0.41733108229474086,0.0,0.0,75.0,392.0048066091416,1.2542157482751337,,,,,
5.1,deterministic,medium_60c_4v_seed1.json,medium,penalty_multiplier,failure_penalty_multiplier,2.0,2.0,2,False,1,2026,443.60413037872274,1107.7337523000315,0.0,9.0,1.7777777777777777,57.0,16.0,0.2807017543859649,80462.0,19.0,0.00023613631279361687,66.0,105.42300997614699,9.11597184725402,263.06514855532174,0.0,0.0,0.14878130179638574,0.2376511009627956,0.020549790281419036,0.5930178069593997,0.0,0.0,75.0,607.2865474879176,5.234818894271651,,,,,
5.1,deterministic,medium_60c_4v_seed1.json,medium,penalty_multiplier,failure_penalty_multiplier,3.0,3.0,3,False,1,2026,559.2333581081789,1361.7157839001156,0.0,10.0,1.5,57.0,15.0,0.2631578947368421,80462.0,20.0,0.0002485645397827546,88.0,134.55464590765672,9.495664854047128,327.183047346475,0.0,0.0,0.15735828116136297,0.24060554320800778,0.0169797897717866,0.5850563858588426,0.0,0.0,75.0,867.8844503489174,1.944665800952757,,,,,
5.1,deterministic,medium_60c_4v_seed1.json,medium,penalty_multiplier,failure_penalty_multiplier,5.0,5.0,4,False,1,2026,790.2161233124597,981.8211036000866,0.0,8.0,1.0,57.0,8.0,0.14035087719298245,80462.0,20.0,0.0002485645397827546,88.0,157.34097919534392,5.5266809807682336,539.3484631363475,0.0,0.0,0.11136193935289256,0.19911132480541613,0.006993885365944282,0.682532850475747,0.0,0.0,75.0,1316.9358694144892,3.323413324863619,,,,,
5.1,deterministic,medium_60c_4v_seed1.json,medium,penalty_multiplier,failure_penalty_multiplier,10.0,10.0,5,False,1,2026,1311.4490495973473,1437.6053359999787,0.0,9.0,1.2222222222222223,57.0,11.0,0.19298245614035087,80462.0,20.0,0.0002485645397827546,88.0,146.77888377052918,7.508115090418577,1069.1620507363996,0.0,0.0,0.06710134871577247,0.11192114845452404,0.005725052828185574,0.8152524500015179,0.0,0.0,75.0,2386.047697528871,4.391605028545681,,,,,
5.1,deterministic,medium_60c_4v_seed2.json,medium,penalty_multiplier,failure_penalty_multiplier,1.0,1.0,1,True,1,2026,326.4314376236389,2233.7777569999453,0.0,9.0,1.2222222222222223,56.0,11.0,0.19642857142857142,60869.0,21.0,0.0003450032036011763,66.0,104.67768082786075,6.742161951743591,149.01159484403453,0.0,0.0,0.20218640851649558,0.3206727930063817,0.020654144100903073,0.4564866543762196,0.0,0.0,76.66666666666667,369.5250305109887,0.4505034677411552,,,,,
5.1,deterministic,medium_60c_4v_seed2.json,medium,penalty_multiplier,failure_penalty_multiplier,2.0,2.0,2,False,1,2026,472.95389494502746,1966.6786573999561,0.0,8.0,1.125,56.0,9.0,0.16071428571428573,60869.0,23.0,0.0003778606515631931,88.0,128.80564867368295,7.12341621268507,249.02483005865943,0.0,0.0,0.1860646480355732,0.2723429282438922,0.015061544663910721,0.5265308790566239,0.0,0.0,76.66666666666667,607.1769003319708,2.418404165200616,,,,,
5.1,deterministic,medium_60c_4v_seed2.json,medium,penalty_multiplier,failure_penalty_multiplier,3.0,3.0,3,False,1,2026,591.8684135957112,2335.135121299885,0.0,9.0,1.5555555555555556,56.0,14.0,0.25,60869.0,23.0,0.0003778606515631931,88.0,120.41948269987715,7.9482193235617284,375.50071157227234,0.0,0.0,0.1486816967734155,0.20345651150448507,0.0134290310835728,0.6344327606385266,0.0,0.0,76.66666666666667,797.0602975781613,0.0,,,,,
5.1,deterministic,medium_60c_4v_seed2.json,medium,penalty_multiplier,failure_penalty_multiplier,5.0,5.0,4,False,1,2026,818.6920108066724,2902.73445670004,0.0,8.0,1.125,56.0,9.0,0.16071428571428573,60869.0,23.0,0.0003778606515631931,88.0,184.9374349876429,6.586319903103537,539.1682559159261,0.0,0.0,0.10748852906637255,0.2258937824560186,0.008044929981195144,0.6585727584964138,0.0,0.0,76.66666666666667,1230.864050796534,1.983270721616814,,,,,
5.1,deterministic,medium_60c_4v_seed2.json,medium,penalty_multiplier,failure_penalty_multiplier,10.0,10.0,5,False,1,2026,1450.341060863335,2731.195602900116,0.0,9.0,1.0,56.0,9.0,0.16071428571428573,60869.0,23.0,0.0003778606515631931,88.0,177.26725901187808,6.788070371335105,1178.285731480122,0.0,0.0,0.060675383449198365,0.12222453310834167,0.00468032696205568,0.8124197564804043,0.0,0.0,76.66666666666667,2202.509801097934,4.050197077318701,,,,,
5.1,deterministic,medium_60c_4v_seed3.json,medium,penalty_multiplier,failure_penalty_multiplier,1.0,1.0,1,True,1,2026,275.25904424008144,1386.9863084000535,0.0,10.0,1.2,59.0,12.0,0.2033898305084746,73722.0,25.0,0.00033911179837768917,66.0,74.07359506789409,7.272747871692402,127.91270130049499,0.0,0.0,0.23977413778431447,0.2691050362119508,0.026421467428147785,0.4646993585755871,0.0,0.0,70.0,359.4776777075088,2.6296572888496947,,,,,
5.1,deterministic,medium_60c_4v_seed3.json,medium,penalty_multiplier,failure_penalty_multiplier,2.0,2.0,2,False,1,2026,403.91953087044635,1484.0682382998057,0.0,6.0,1.6666666666666667,59.0,10.0,0.1694915254237288,73722.0,23.0,0.00031198285450747404,66.0,82.47682178887688,5.487761567235374,249.9549475143341,0.0,0.0,0.16339888258874247,0.2041912199965656,0.013586274363631912,0.61882362305106,0.0,0.0,70.0,577.2754301414764,0.9907029167272959,,,,,
5.1,deterministic,medium_60c_4v_seed3.json,medium,penalty_multiplier,failure_penalty_multiplier,3.0,3.0,3,False,1,2026,526.5275733043289,1142.2415142999962,0.0,11.0,1.2727272727272727,59.0,14.0,0.23728813559322035,73722.0,24.0,0.0003255473264425816,88.0,81.16425463616204,7.529007464786226,349.83431120338065,0.0,0.0,0.1671327475743358,0.1541500554791453,0.014299360273834162,0.6644178366726847,0.0,0.0,70.0,811.7147599056254,3.0263946129273442,,,,,
5.1,deterministic,medium_60c_4v_seed3.json,medium,penalty_multiplier,failure_penalty_multiplier,5.0,5.0,4,False,1,2026,753.4440246700112,1278.533266399987,0.0,11.0,1.2727272727272727,59.0,14.0,0.23728813559322035,73722.0,24.0,0.0003255473264425816,88.0,104.96379767391826,8.331640468050981,552.148586528042,0.0,0.0,0.11679699767815094,0.139312004922847,0.011058074913660669,0.7328329224853414,0.0,0.0,70.0,1260.5237698476426,3.2246636143779543,,,,,
5.1,deterministic,medium_60c_4v_seed3.json,medium,penalty_multiplier,failure_penalty_multiplier,10.0,10.0,5,False,1,2026,1227.3311569396428,1569.8624297999777,0.0,9.0,1.0,59.0,9.0,0.15254237288135594,73722.0,24.0,0.0003255473264425816,88.0,130.2435901693256,5.802930660636015,1003.2846361096813,0.0,0.0,0.07170029009890737,0.10611935453027098,0.004728088770357347,0.8174522666004643,0.0,0.0,70.0,2347.0718049188,5.051225625374719,,,,,
5.1,deterministic,small_15c_1v_seed1.json,small,penalty_multiplier,failure_penalty_multiplier,1.0,1.0,1,True,1,2026,56.26215705960893,134.58392030000687,0.0,5.0,1.0,15.0,5.0,0.3333333333333333,9646.0,6.0,0.0006220194899440182,22.0,11.495868733880044,3.0638732061284526,19.70241511960043,0.0,0.0,0.3910266002899839,0.2043268394722289,0.05445708743236282,0.3501894728054243,0.0,0.0,73.33333333333333,59.75492747024314,0.02848737228010905,,,,,
5.1,deterministic,small_15c_1v_seed1.json,small,penalty_multiplier,failure_penalty_multiplier,2.0,2.0,2,False,1,2026,75.84170024082725,136.22111520008184,0.0,2.0,2.0,15.0,4.0,0.26666666666666666,9646.0,6.0,0.0006220194899440182,22.0,14.668599031675452,2.1764883916916027,36.99661281746019,0.0,0.0,0.29007788499125603,0.1934107355860546,0.028697779516814566,0.48781359990587475,0.0,0.0,73.33333333333333,84.70227571875321,0.0509234972930265,,,,,
5.1,deterministic,small_15c_1v_seed1.json,small,penalty_multiplier,failure_penalty_multiplier,3.0,3.0,3,False,1,2026,88.74407888491359,129.48606620007195,0.0,3.0,1.6666666666666667,15.0,5.0,0.3333333333333333,9646.0,6.0,0.0006220194899440182,22.0,17.69689878247434,3.06047533969119,45.98670476274807,0.0,0.0,0.24790386329357664,0.19941498074958097,0.03448653001018942,0.518194625946653,0.0,0.0,73.33333333333333,111.23532206567866,0.985064475974306,,,,,
5.1,deterministic,small_15c_1v_seed1.json,small,penalty_multiplier,failure_penalty_multiplier,5.0,5.0,4,False,1,2026,124.14201431085644,156.40122750005685,0.0,3.0,1.3333333333333333,15.0,4.0,0.26666666666666666,9646.0,6.0,0.0006220194899440182,22.0,19.555399516913056,2.521495592855602,80.06511920108778,0.0,0.0,0.17721639303283046,0.15752442575924033,0.020311379727911284,0.644947801480018,0.0,0.0,73.33333333333333,159.57619533455252,0.7971319487156272,,,,,
5.1,deterministic,small_15c_1v_seed1.json,small,penalty_multiplier,failure_penalty_multiplier,10.0,10.0,5,False,1,2026,200.58664205126394,102.53820029995404,0.0,4.0,1.5,15.0,6.0,0.4,9646.0,4.0,0.00041467965996267884,22.0,19.459412192233955,3.443765553053693,155.6834643059763,0.0,0.0,0.10967829051337057,0.09701250289269368,0.017168469035807328,0.7761407375581284,0.0,0.0,73.33333333333333,280.42283518904145,0.0,,,,,
5.1,deterministic,small_15c_1v_seed2.json,small,penalty_multiplier,failure_penalty_multiplier,1.0,1.0,1,True,1,2026,73.5557314345551,63.59883249993436,0.0,2.0,1.0,13.0,2.0,0.15384615384615385,5654.0,4.0,0.0007074637424831977,22.0,23.5501390499429,1.2975788973576838,26.70801348725451,0.0,0.0,0.29909294042673085,0.32016728799571814,0.017640758538472037,0.36309901303907893,0.0,0.0,53.333333333333336,102.18758111090304,0.10312755537875362,,,,,
5.1,deterministic,small_15c_1v_seed2.json,small,penalty_multiplier,failure_penalty_multiplier,2.0,2.0,2,False,1,2026,100.24748441625286,60.743965100031346,0.0,2.0,1.5,13.0,3.0,0.23076923076923078,5654.0,4.0,0.0007074637424831977,22.0,28.800580198923758,1.6747341381540473,47.772170079175055,0.0,0.0,0.2194568784255019,0.2872947921499604,0.016705996643268658,0.47654233278126906,0.0,0.0,53.333333333333336,163.2105370047252,0.0,,,,,
5.1,deterministic,small_15c_1v_seed2.json,small,penalty_multiplier,failure_penalty_multiplier,3.0,3.0,3,False,1,2026,124.10786621441265,64.89180159987882,0.0,2.0,1.0,13.0,2.0,0.15384615384615385,5654.0,4.0,0.0007074637424831977,22.0,29.023868192725583,1.4257429029244855,71.65825511876258,0.0,0.0,0.17726515386214206,0.23386002094809233,0.011487933411580272,0.5773868917781854,0.0,0.0,53.333333333333336,216.61315182665894,1.3965615047201696,,,,,
5.1,deterministic,small_15c_1v_seed2.json,small,penalty_multiplier,failure_penalty_multiplier,5.0,5.0,4,False,1,2026,170.98979382742576,67.26147340005264,0.0,1.0,1.0,13.0,1.0,0.07692307692307693,5654.0,4.0,0.0007074637424831977,22.0,31.652201342185165,0.6325374438138102,116.70505504142677,0.0,0.0,0.12866265001877164,0.18511164107333017,0.003699270170781122,0.682526438737117,0.0,0.0,53.333333333333336,331.5056488366405,0.6275465306410394,,,,,
5.1,deterministic,small_15c_1v_seed2.json,small,penalty_multiplier,failure_penalty_multiplier,10.0,10.0,5,False,1,2026,286.3950842117488,75.05654939985834,0.0,1.0,1.0,13.0,1.0,0.07692307692307693,5654.0,4.0,0.0007074637424831977,22.0,41.496137485907006,0.6336412657710189,222.26530546007078,0.0,0.0,0.07681696094942084,0.14489123512757804,0.0022124725622124524,0.7760793313607888,0.0,0.0,53.333333333333336,619.5316472580209,0.0,,,,,
5.1,deterministic,small_15c_1v_seed3.json,small,penalty_multiplier,failure_penalty_multiplier,1.0,1.0,1,True,1,2026,51.37411680767965,89.36155520007014,0.0,2.0,2.0,14.0,4.0,0.2857142857142857,7142.0,6.0,0.0008401008120974517,22.0,11.839848715593867,2.306703827513723,15.227564264572061,0.0,0.0,0.4282312060440392,0.230463304311715,0.04490011645648195,0.29640537318776394,0.0,0.0,80.0,53.976641985824,0.1146610290291858,,,,,
5.1,deterministic,small_15c_1v_seed3.json,small,penalty_multiplier,failure_penalty_multiplier,2.0,2.0,2,False,1,2026,68.30827139370194,91.02477319980972,0.0,1.0,1.0,14.0,1.0,0.07142857142857142,7142.0,6.0,0.0008401008120974517,22.0,20.81676507238899,0.6449402659263747,24.84656605538659,0.0,0.0,0.32206934169363877,0.3047473555934297,0.009441613039937628,0.36374168967299403,0.0,0.0,80.0,79.54822244268382,1.4585263724345447,,,,,
5.1,deterministic,small_15c_1v_seed3.json,small,penalty_multiplier,failure_penalty_multiplier,3.0,3.0,3,False,1,2026,81.34334877842645,90.939601900056,0.0,2.0,1.0,14.0,2.0,0.14285714285714285,7142.0,6.0,0.0008401008120974517,22.0,20.805434808716768,1.0119329190818211,37.52598105062786,0.0,0.0,0.27045849882485723,0.25577303026199855,0.012440266282105684,0.46132820463103863,0.0,0.0,80.0,98.0668206269115,1.3046246638801808,,,,,
5.1,deterministic,small_15c_1v_seed3.json,small,penalty_multiplier,failure_penalty_multiplier,5.0,5.0,4,False,1,2026,106.40292005186157,77.43991890014149,0.0,2.0,2.0,14.0,4.0,0.2857142857142857,7142.0,6.0,0.0008401008120974517,22.0,19.43452163746592,2.0276520560909472,62.94074635830471,0.0,0.0,0.2067612429177417,0.18265026587609992,0.01905635724191267,0.5915321339642458,0.0,0.0,80.0,136.13787187535803,0.511399895644952,,,,,
5.1,deterministic,small_15c_1v_seed3.json,small,penalty_multiplier,failure_penalty_multiplier,10.0,10.0,5,False,1,2026,167.6945356152483,75.70552229997702,0.0,1.0,1.0,14.0,1.0,0.07142857142857142,7142.0,6.0,0.0008401008120974517,22.0,20.81676507238899,0.6449402659263747,124.23283027693293,0.0,0.0,0.1311909175769205,0.12413502321954098,0.0038459229667811004,0.7408281362367574,0.0,0.0,80.0,227.99838526582352,0.39127601520610256,,,,,
5.2,deterministic,large_150c_9v_seed1.json,large,speed_only,drone_speed_factor,0.6,0.6,1,False,1,2026,1162.238391588447,5560.5167216998525,0.0,22.0,1.5454545454545454,139.0,34.0,0.2446043165467626,272294.0,70.0,0.0002570750732663959,198.0,340.92819955304816,15.326113352232817,607.9840786831661,0.0,0.0,0.17036091858004337,0.29333758204897786,0.013186720954284093,0.5231147784166947,0.0,0.0,73.33333333333333,1410.7290830702168,6.185189422901504,1.0,0.6,1.0,,
5.2,deterministic,large_150c_9v_seed1.json,large,speed_only,drone_speed_factor,0.75,0.75,2,False,1,2026,1124.0031569282678,5205.94758570008,0.0,22.0,1.7272727272727273,139.0,38.0,0.2733812949640288,272294.0,65.0,0.0002387125680330819,198.0,276.2682364326103,19.064454471474644,630.6704660241829,0.0,0.0,0.17615608886820597,0.2457895555984113,0.016961210788388657,0.5610931447449942,0.0,0.0,73.33333333333333,1349.7387633288138,0.4414546006815273,1.0,0.75,1.0,,
5.2,deterministic,large_150c_9v_seed1.json,large,speed_only,drone_speed_factor,0.85,0.85,3,False,1,2026,1150.2030115665225,5262.5910155000165,0.0,26.0,1.3846153846153846,139.0,36.0,0.2589928057553957,272294.0,64.0,0.0002350400669864191,198.0,325.57765748386265,21.011763469902657,605.6135906127573,0.0,0.0,0.17214352423780677,0.28306103723414977,0.018267873808890157,0.5265275647191534,0.0,0.0,73.33333333333333,1380.8026569525125,4.007532947003871,1.0,0.85,1.0,,
5.2,deterministic,large_150c_9v_seed1.json,large,speed_only,drone_speed_factor,1.0,1.0,4,True,1,2026,1157.6860220908889,5151.692926499993,0.0,27.0,1.3333333333333333,139.0,36.0,0.2589928057553957,272294.0,62.0,0.00022769506489309348,198.0,335.391296680335,22.617035565824462,601.6776898447292,0.0,0.0,0.1710308289309683,0.28970834084580815,0.01953641586254621,0.5197244143606772,0.0,0.0,73.33333333333333,1394.0164865008865,4.141482505448968,1.0,1.0,1.0,,
5.2,deterministic,large_150c_9v_seed1.json,large,speed_only,drone_speed_factor,1.15,1.15,5,False,1,2026,1166.5615529061677,4768.362061199965,0.0,22.0,1.4090909090909092,139.0,31.0,0.22302158273381295,272294.0,58.0,0.0002130050607064423,198.0,296.0797629473774,20.298443080943535,652.1833468778467,0.0,0.0,0.16972957792646037,0.2538055212001253,0.01740023321562033,0.5590646676577941,0.0,0.0,73.33333333333333,1374.1234476873578,7.3924164807065935,1.0,1.15,1.0,,
5.2,deterministic,large_150c_9v_seed1.json,large,speed_only,drone_speed_factor,1.3,1.3,6,False,1,2026,1181.499672538568,3572.7247874999885,0.0,21.0,1.1428571428571428,139.0,24.0,0.17266187050359713,272294.0,57.0,0.0002093325596597795,198.0,293.3233679399618,17.39438310071957,672.7819214978865,0.0,0.0,0.16758362664170492,0.24826360494009095,0.014722291935423081,0.5694304764827811,0.0,0.0,73.33333333333333,1374.7139702687602,7.314714290687649,1.0,1.3,1.0,,
5.2,deterministic,large_150c_9v_seed1.json,large,speed_only,drone_speed_factor,1.5,1.5,7,False,1,2026,1155.1867577423209,4542.224181500031,0.0,32.0,1.0,139.0,32.0,0.2302158273381295,272294.0,54.0,0.00019831505651979111,176.0,328.0107196087023,27.831289410497178,623.3447487231213,0.0,0.0,0.15235631712397021,0.28394605236798365,0.0240924588374699,0.5396051716705761,0.0,0.0,73.33333333333333,1383.920321877243,1.8657721836075334,1.0,1.5,1.0,,
5.2,deterministic,large_150c_9v_seed2.json,large,speed_only,drone_speed_factor,0.6,0.6,1,False,1,2026,1228.8024139148465,2305.710776499938,0.0,25.0,1.48,139.0,37.0,0.26618705035971224,313104.0,70.0,0.00022356788798610046,176.0,330.48552977325596,18.720291914151694,703.5965922274387,0.0,0.0,0.14322888530083605,0.268949284303862,0.015234582632785236,0.5725872477625166,0.0,0.0,60.0,1869.7175621359058,2.8882429215615635,1.0,0.6,1.0,,
5.2,deterministic,large_150c_9v_seed2.json,large,speed_only,drone_speed_factor,0.75,0.75,2,False,1,2026,1235.0685990133925,2073.695584699977,0.0,26.0,1.3846153846153846,139.0,36.0,0.2589928057553957,313104.0,69.0,0.00022037406101487047,198.0,355.45184764551846,19.86380899860325,661.7529423692706,0.0,0.0,0.16031498182219836,0.28779927522201065,0.016083162517831817,0.535802580437959,0.0,0.0,60.0,1907.011320044734,9.525112529588307,1.0,0.75,1.0,,
5.2,deterministic,large_150c_9v_seed2.json,large,speed_only,drone_speed_factor,0.85,0.85,3,False,1,2026,1218.602739626851,1549.2854830001015,0.0,29.0,1.4137931034482758,139.0,41.0,0.2949640287769784,313104.0,64.0,0.00020440492615872042,176.0,311.2308814718564,24.104231208702675,707.2676269462918,0.0,0.0,0.14442770746920613,0.2553997880943207,0.019780220760117154,0.580392283676356,0.0,0.0,60.0,1839.3286401412672,4.449154136253017,1.0,0.85,1.0,,
5.2,deterministic,large_150c_9v_seed2.json,large,speed_only,drone_speed_factor,1.0,1.0,4,True,1,2026,1222.971971239856,1664.1959191001952,0.0,22.0,1.0909090909090908,139.0,24.0,0.17266187050359713,313104.0,53.0,0.00016927282947519034,198.0,344.8981830657149,15.766535937868014,664.3072522362733,0.0,0.0,0.1619006850985035,0.2820164248867087,0.012891984696823271,0.5431909053179647,0.0,0.0,60.0,1883.0631376496058,3.6458151550015376,1.0,1.0,1.0,,
5.2,deterministic,large_150c_9v_seed2.json,large,speed_only,drone_speed_factor,1.15,1.15,5,False,1,2026,1262.8088074150382,1701.880391499959,0.0,32.0,1.15625,139.0,37.0,0.26618705035971224,313104.0,58.0,0.0001852419643313404,198.0,317.9433214502925,21.89711695994737,724.9683690047984,0.0,0.0,0.15679333152997624,0.25177471014089653,0.017340009692180268,0.574091948636947,0.0,0.0,60.0,1877.844767826653,1.7361495954924542,1.0,1.15,1.0,,
5.2,deterministic,large_150c_9v_seed2.json,large,speed_only,drone_speed_factor,1.3,1.3,6,False,1,2026,1262.9019351444392,1569.9215726000257,0.0,31.0,1.1612903225806452,139.0,36.0,0.2589928057553957,313104.0,61.0,0.0001948234452450304,198.0,328.8251150174138,25.072138637798524,711.004681489227,0.0,0.0,0.15678176942325658,0.2603726432486666,0.019852799287167933,0.5629927880409089,0.0,0.0,60.0,1880.8874970102206,1.0575896019688689,1.0,1.3,1.0,,
5.2,deterministic,large_150c_9v_seed2.json,large,speed_only,drone_speed_factor,1.5,1.5,7,False,1,2026,1268.8803105346751,1548.660411800025,0.0,20.0,1.0,139.0,20.0,0.14388489208633093,313104.0,56.0,0.00017885431038888036,198.0,359.28488364361186,17.570165108042215,694.0252617830208,0.0,0.0,0.1560430864567263,0.28315112202522713,0.013846983803096903,0.5469588077149495,0.0,0.0,60.0,1907.4781487553566,6.839276569967512,1.0,1.5,1.0,,
5.2,deterministic,large_150c_9v_seed3.json,large,speed_only,drone_speed_factor,0.6,0.6,1,False,1,2026,1190.917778701541,2652.98852350004,0.0,20.0,1.45,136.0,29.0,0.21323529411764705,160158.0,64.0,0.0003996053896776933,176.0,349.1862320820293,13.721834879915376,652.0097117395965,0.0,0.0,0.14778518143535735,0.29320767422142896,0.0115220673713313,0.5474850769718824,0.0,0.0,74.0,1298.5999461514218,5.628092306369022,1.0,0.6,1.0,,
5.2,deterministic,large_150c_9v_seed3.json,large,speed_only,drone_speed_factor,0.75,0.75,2,False,1,2026,1207.1145464268802,2627.9893682000693,0.0,26.0,1.4230769230769231,136.0,37.0,0.27205882352941174,160158.0,58.0,0.0003621423843954095,176.0,296.3322933567022,19.91713216650175,714.8651209036763,0.0,0.0,0.14580223601891706,0.24548813054557309,0.01649978639181962,0.5922098470436903,0.0,0.0,74.0,1262.4154795939103,3.8070217724456437,1.0,0.75,1.0,,
5.2,deterministic,large_150c_9v_seed3.json,large,speed_only,drone_speed_factor,0.85,0.85,3,False,1,2026,1207.0173194660151,2515.834409999894,0.0,27.0,1.4814814814814814,136.0,40.0,0.29411764705882354,160158.0,57.0,0.00035589855018169556,176.0,317.17183300165914,21.506919474747516,692.3385669896086,0.0,0.0,0.1458139805962871,0.2627732244488224,0.017818236016913316,0.5735945589379773,0.0,0.0,74.0,1301.001719936138,9.08921495298711,1.0,0.85,1.0,,
5.2,deterministic,large_150c_9v_seed3.json,large,speed_only,drone_speed_factor,1.0,1.0,4,True,1,2026,1203.5716618123488,1993.8685713000596,0.0,26.0,1.3076923076923077,136.0,34.0,0.25,160158.0,57.0,0.00035589855018169556,176.0,299.03382586330156,22.228745488371143,706.309090460676,0.0,0.0,0.14623142566764796,0.24845535612978276,0.018468983770271646,0.5868442344322976,0.0,0.0,74.0,1268.4147664640125,3.859835510956121,1.0,1.0,1.0,,
5.2,deterministic,large_150c_9v_seed3.json,large,speed_only,drone_speed_factor,1.15,1.15,5,False,1,2026,1205.5485941958582,1764.621502300026,0.0,29.0,1.1724137931034482,136.0,34.0,0.25,160158.0,59.0,0.0003683862186091235,198.0,318.76626083608346,23.66439687948208,665.1179364802928,0.0,0.0,0.16424057972716788,0.2644159367534341,0.019629566981716765,0.5517139165376813,0.0,0.0,74.0,1317.513521321216,3.962221765831906,1.0,1.15,1.0,,
5.2,deterministic,large_150c_9v_seed3.json,large,speed_only,drone_speed_factor,1.3,1.3,6,False,1,2026,1173.5883082296891,1552.9198764001485,0.0,28.0,1.1785714285714286,136.0,33.0,0.2426470588235294,160158.0,56.0,0.0003496547159679816,176.0,278.1434529429906,23.7318431846833,695.7130121020153,0.0,0.0,0.1499674108593404,0.23700257662123345,0.020221608393902486,0.5928084041255238,0.0,0.0,74.0,1254.1181528678137,6.038507596737518,1.0,1.3,1.0,,
5.2,deterministic,large_150c_9v_seed3.json,large,speed_only,drone_speed_factor,1.5,1.5,7,False,1,2026,1183.6294035264036,1651.7316187000833,0.0,31.0,1.032258064516129,136.0,32.0,0.23529411764705882,160158.0,53.0,0.00033092321332683976,176.0,315.0688824775138,26.368077320599195,666.1924437282906,0.0,0.0,0.14869519080519691,0.2661887931634891,0.022277308456549332,0.5628387075747647,0.0,0.0,74.0,1295.404365505746,2.2358505881777884,1.0,1.5,1.0,,
5.2,deterministic,medium_60c_4v_seed1.json,medium,speed_only,drone_speed_factor,0.6,0.6,1,False,1,2026,305.1421925961403,948.7675913001876,0.0,9.0,1.2222222222222223,57.0,11.0,0.19298245614035087,80462.0,22.0,0.00027342099376103003,88.0,107.12695151759155,5.419968956972217,104.59527212157654,0.0,0.0,0.2883901411709037,0.3510722349018953,0.01776210923458106,0.3427755146926199,0.0,0.0,75.0,415.91013198595437,1.387806322168944,1.0,0.6,1.0,,
5.2,deterministic,medium_60c_4v_seed1.json,medium,speed_only,drone_speed_factor,0.75,0.75,2,False,1,2026,311.422686547278,1113.7097049001604,0.0,9.0,1.5555555555555556,57.0,14.0,0.24561403508771928,80462.0,20.0,0.0002485645397827546,66.0,85.83655770991166,7.0304705355733,152.55565830179302,0.0,0.0,0.21193061023182827,0.27562718266153213,0.022575331982135422,0.48986687512450416,0.0,0.0,75.0,372.9628145556344,1.489050792126295,1.0,0.75,1.0,,
5.2,deterministic,medium_60c_4v_seed1.json,medium,speed_only,drone_speed_factor,0.85,0.85,3,False,1,2026,295.1368524047706,967.5751586998813,0.0,10.0,1.3,57.0,13.0,0.22807017543859648,80462.0,20.0,0.0002485645397827546,66.0,83.17416762048765,7.395190696074257,138.5674940882087,0.0,0.0,0.2236250724443017,0.2818155948428188,0.02505681901740957,0.4695025136954699,0.0,0.0,75.0,371.70450063738355,2.234533283142144,1.0,0.85,1.0,,
5.2,deterministic,medium_60c_4v_seed1.json,medium,speed_only,drone_speed_factor,1.0,1.0,4,True,1,2026,311.3601029956373,1069.6824708001222,0.0,6.0,1.5,57.0,9.0,0.15789473684210525,80462.0,18.0,0.00022370808580447914,66.0,109.26730466428779,6.152549564778203,129.9402487665713,0.0,0.0,0.21197320840083603,0.35093547186364726,0.019760237440775805,0.41733108229474086,0.0,0.0,75.0,392.0048066091416,1.2542157482751337,1.0,1.0,1.0,,
5.2,deterministic,medium_60c_4v_seed1.json,medium,speed_only,drone_speed_factor,1.15,1.15,5,False,1,2026,308.49284527638133,1018.9635294000618,0.0,10.0,1.6,57.0,16.0,0.2807017543859649,80462.0,17.0,0.00021127985881534141,66.0,84.1018612212008,9.728533946464658,148.66245010871586,0.0,0.0,0.21394337343827227,0.2726217560924411,0.03153568744114238,0.4818991830281442,0.0,0.0,75.0,373.5723211153719,1.6915902351990293,1.0,1.15,1.0,,
5.2,deterministic,medium_60c_4v_seed1.json,medium,speed_only,drone_speed_factor,1.3,1.3,6,False,1,2026,320.2803343804924,908.4977158000693,0.0,12.0,1.1666666666666667,57.0,14.0,0.24561403508771928,80462.0,18.0,0.00022370808580447914,66.0,89.44709924502743,10.079466363473161,154.75376877199182,0.0,0.0,0.2060694738803168,0.27927752547792856,0.031470762583564606,0.48318223805819016,0.0,0.0,75.0,379.034390895566,2.897647012691042,1.0,1.3,1.0,,
5.2,deterministic,medium_60c_4v_seed1.json,medium,speed_only,drone_speed_factor,1.5,1.5,7,False,1,2026,317.7304103427867,853.1474085999653,0.0,14.0,1.0,57.0,14.0,0.24561403508771928,80462.0,17.0,0.00021127985881534141,88.0,94.28134875032383,10.424016402800225,125.02504518966263,0.0,0.0,0.276964360776988,0.2967337896571104,0.032807739087845476,0.3934941104780562,0.0,0.0,75.0,407.3728437871515,1.1862858981968671,1.0,1.5,1.0,,
5.2,deterministic,medium_60c_4v_seed2.json,medium,speed_only,drone_speed_factor,0.6,0.6,1,False,1,2026,330.77443109074454,2021.9344760999084,0.0,11.0,1.4545454545454546,56.0,16.0,0.2857142857142857,60869.0,25.0,0.00041071809952520987,88.0,93.87728646941497,6.849428746990209,142.0477158743394,0.0,0.0,0.2660423289364168,0.283810590074481,0.020707249724242257,0.42943983126485996,0.0,0.0,76.66666666666667,381.7918392613693,0.7854253179991644,1.0,0.6,1.0,,
5.2,deterministic,medium_60c_4v_seed2.json,medium,speed_only,drone_speed_factor,0.75,0.75,2,False,1,2026,329.1935547788096,2183.924781000009,0.0,6.0,1.6666666666666667,56.0,10.0,0.17857142857142858,60869.0,22.0,0.0003614319275821847,88.0,99.1371279649417,5.250273999020185,136.80615281484768,0.0,0.0,0.26731993601493387,0.3011514852760514,0.015948896698624395,0.41557968201039025,0.0,0.0,76.66666666666667,381.53324411211366,2.203658659853586,1.0,0.75,1.0,,
5.2,deterministic,medium_60c_4v_seed2.json,medium,speed_only,drone_speed_factor,0.85,0.85,3,False,1,2026,327.6914491629195,2127.000172900036,0.0,11.0,1.0,56.0,11.0,0.19642857142857142,60869.0,21.0,0.0003450032036011763,88.0,91.76870169645893,8.321264965104382,139.60148250135617,0.0,0.0,0.26854530450762154,0.2800460675152801,0.025393598112983622,0.42601502986411466,0.0,0.0,76.66666666666667,375.3612329163519,2.654386833024383,1.0,0.85,1.0,,
5.2,deterministic,medium_60c_4v_seed2.json,medium,speed_only,drone_speed_factor,1.0,1.0,4,True,1,2026,326.4314376236389,2051.7327581001446,0.0,9.0,1.2222222222222223,56.0,11.0,0.19642857142857142,60869.0,21.0,0.0003450032036011763,66.0,104.67768082786075,6.742161951743591,149.01159484403453,0.0,0.0,0.20218640851649558,0.3206727930063817,0.020654144100903073,0.4564866543762196,0.0,0.0,76.66666666666667,369.5250305109887,0.4505034677411552,1.0,1.0,1.0,,
5.2,deterministic,medium_60c_4v_seed2.json,medium,speed_only,drone_speed_factor,1.15,1.15,5,False,1,2026,333.9239021115682,1786.3548169001006,0.0,6.0,1.1666666666666667,56.0,7.0,0.125,60869.0,18.0,0.0002957170316581511,88.0,105.24316436311209,4.666096406450093,136.01464134200603,0.0,0.0,0.26353309674309594,0.31517110245060864,0.013973532223791187,0.4073222685825042,0.0,0.0,76.66666666666667,390.9172666548626,2.570508761765676,1.0,1.15,1.0,,
5.2,deterministic,medium_60c_4v_seed2.json,medium,speed_only,drone_speed_factor,1.3,1.3,6,False,1,2026,322.087524814077,2087.0757730000187,0.0,10.0,1.1,56.0,11.0,0.19642857142857142,60869.0,20.0,0.0003285744796201679,88.0,86.39852887658867,6.9305273854725895,140.75846855201578,0.0,0.0,0.27321766048156454,0.26824549918989155,0.021517528160934492,0.4370193121676095,0.0,0.0,76.66666666666667,373.55926925058077,0.5699821418193015,1.0,1.3,1.0,,
5.2,deterministic,medium_60c_4v_seed2.json,medium,speed_only,drone_speed_factor,1.5,1.5,7,False,1,2026,306.5595140497728,2375.471468700096,0.0,10.0,1.2,56.0,12.0,0.21428571428571427,60869.0,19.0,0.0003121457556391595,66.0,76.44517892898496,8.350304375088367,155.76403074569953,0.0,0.0,0.21529261684986975,0.24936488813905597,0.02723877091523774,0.5081037240958367,0.0,0.0,76.66666666666667,338.70994592333767,1.2466078265232865,1.0,1.5,1.0,,
5.2,deterministic,medium_60c_4v_seed3.json,medium,speed_only,drone_speed_factor,0.6,0.6,1,False,1,2026,267.01821634576993,1670.97993650008,0.0,11.0,1.6363636363636365,59.0,18.0,0.3050847457627119,73722.0,27.0,0.0003662407422479043,66.0,64.95314723068728,7.319093428095666,128.74597568698695,0.0,0.0,0.24717414752907574,0.2432536181223587,0.027410464829927376,0.48216176951863804,0.0,0.0,70.0,351.8526075781132,2.3615448033846076,1.0,0.6,1.0,,
5.2,deterministic,medium_60c_4v_seed3.json,medium,speed_only,drone_speed_factor,0.75,0.75,2,False,1,2026,288.54356932204155,1542.891473900061,0.0,10.0,1.6,59.0,16.0,0.2711864406779661,73722.0,26.0,0.00035267627031279673,66.0,69.4862979516746,7.5528057205369405,145.50446564982997,0.0,0.0,0.22873495380636205,0.24081735079017272,0.02617561617568855,0.5042720792277765,0.0,0.0,70.0,354.0414269452725,1.5825905883986302,1.0,0.75,1.0,,
5.2,deterministic,medium_60c_4v_seed3.json,medium,speed_only,drone_speed_factor,0.85,0.85,3,False,1,2026,282.2782154028447,1438.678678700002,0.0,7.0,1.4285714285714286,59.0,10.0,0.1694915254237288,73722.0,26.0,0.00035267627031279673,66.0,89.5004670900129,5.4429834999252575,121.33476481290653,0.0,0.0,0.23381187919801083,0.3170647333244794,0.019282336372140763,0.429841051105369,0.0,0.0,70.0,361.6910532038543,2.6616604416986633,1.0,0.85,1.0,,
5.2,deterministic,medium_60c_4v_seed3.json,medium,speed_only,drone_speed_factor,1.0,1.0,4,True,1,2026,275.25904424008144,1391.5924017000943,0.0,10.0,1.2,59.0,12.0,0.2033898305084746,73722.0,25.0,0.00033911179837768917,66.0,74.07359506789409,7.272747871692402,127.91270130049499,0.0,0.0,0.23977413778431447,0.2691050362119508,0.026421467428147785,0.4646993585755871,0.0,0.0,70.0,359.4776777075088,2.6296572888496947,1.0,1.0,1.0,,
5.2,deterministic,medium_60c_4v_seed3.json,medium,speed_only,drone_speed_factor,1.15,1.15,5,False,1,2026,281.79683434558774,1202.1604085001163,0.0,12.0,1.0,59.0,12.0,0.2033898305084746,73722.0,24.0,0.0003255473264425816,66.0,80.59617068914919,8.522783178683378,126.67788047775521,0.0,0.0,0.2342112896806337,0.2860080769761533,0.03024442484769462,0.44953620849551845,0.0,0.0,70.0,354.2392472071385,3.405994169621017,1.0,1.15,1.0,,
5.2,deterministic,medium_60c_4v_seed3.json,medium,speed_only,drone_speed_factor,1.3,1.3,6,False,1,2026,282.66171057288363,1075.2752584998962,0.0,8.0,1.0,59.0,8.0,0.13559322033898305,73722.0,24.0,0.0003255473264425816,66.0,81.74042947114181,5.6112245451085885,129.31005655663327,0.0,0.0,0.23349465998148364,0.2891811179712833,0.01985137829151341,0.4574728437557197,0.0,0.0,70.0,360.9699224483617,1.572930108944965,1.0,1.3,1.0,,
5.2,deterministic,medium_60c_4v_seed3.json,medium,speed_only,drone_speed_factor,1.5,1.5,7,False,1,2026,280.0692736907466,1218.522646999918,0.0,8.0,1.0,59.0,8.0,0.13559322033898305,73722.0,23.0,0.00031198285450747404,66.0,93.66930443954129,6.498327866842272,113.90164138436309,0.0,0.0,0.23565598300111068,0.3344504850716728,0.023202573353397368,0.40669095857381926,0.0,0.0,70.0,371.6958347366313,1.05958931998831,1.0,1.5,1.0,,
5.2,deterministic,small_15c_1v_seed1.json,small,speed_only,drone_speed_factor,0.6,0.6,1,False,1,2026,55.07502471296422,114.43552640010603,0.0,3.0,2.0,15.0,6.0,0.4,9646.0,6.0,0.0006220194899440182,22.0,11.760747349840061,2.494501573665036,18.819775789459126,0.0,0.0,0.39945510900190984,0.21354048248064925,0.04529279081880921,0.34171161769863173,0.0,0.0,73.33333333333333,59.56481749995562,0.0,1.0,0.6,1.0,,
5.2,deterministic,small_15c_1v_seed1.json,small,speed_only,drone_speed_factor,0.75,0.75,2,False,1,2026,55.32072250893386,141.55847520008683,0.0,3.0,1.3333333333333333,15.0,4.0,0.26666666666666666,9646.0,6.0,0.0006220194899440182,22.0,11.551388802725068,2.108819945167011,19.660513761041777,0.0,0.0,0.397680995515689,0.20880762721165852,0.0381198915980617,0.3553914856745907,0.0,0.0,73.33333333333333,59.201592056855134,0.2679963380835005,1.0,0.75,1.0,,
5.2,deterministic,small_15c_1v_seed1.json,small,speed_only,drone_speed_factor,0.85,0.85,3,False,1,2026,55.32699281692891,142.67824920010753,0.0,3.0,1.6666666666666667,15.0,5.0,0.3333333333333333,9646.0,6.0,0.0006220194899440182,22.0,10.454508662447347,2.6008787047881916,20.271605449693368,0.0,0.0,0.39763592561040945,0.18895855585428611,0.04700921868994797,0.3663962998453565,0.0,0.0,73.33333333333333,58.31044267079359,0.0,1.0,0.85,1.0,,
5.2,deterministic,small_15c_1v_seed1.json,small,speed_only,drone_speed_factor,1.0,1.0,4,True,1,2026,56.26215705960893,136.83634659997188,0.0,5.0,1.0,15.0,5.0,0.3333333333333333,9646.0,6.0,0.0006220194899440182,22.0,11.495868733880044,3.0638732061284526,19.70241511960043,0.0,0.0,0.3910266002899839,0.2043268394722289,0.05445708743236282,0.3501894728054243,0.0,0.0,73.33333333333333,59.75492747024314,0.02848737228010905,1.0,1.0,1.0,,
5.2,deterministic,small_15c_1v_seed1.json,small,speed_only,drone_speed_factor,1.15,1.15,5,False,1,2026,58.00771453031925,114.90081030013971,0.0,3.0,1.3333333333333333,15.0,4.0,0.26666666666666666,9646.0,6.0,0.0006220194899440182,22.0,16.44729436045734,2.7059368560132877,16.854483313848622,0.0,0.0,0.37925989979317537,0.28353632777345045,0.04664787912992088,0.2905558933034534,0.0,0.0,73.33333333333333,64.45908872162855,0.3884028829634885,1.0,1.15,1.0,,
5.2,deterministic,small_15c_1v_seed1.json,small,speed_only,drone_speed_factor,1.3,1.3,6,False,1,2026,58.58597927583684,138.2378805000335,0.0,5.0,1.0,15.0,5.0,0.3333333333333333,9646.0,6.0,0.0006220194899440182,22.0,13.52556821994215,3.5971490578041276,19.463261998090566,0.0,0.0,0.37551646779545533,0.23086698194905184,0.061399486741834375,0.33221706351365843,0.0,0.0,73.33333333333333,62.22979723113237,0.09277893839106613,1.0,1.3,1.0,,
5.2,deterministic,small_15c_1v_seed1.json,small,speed_only,drone_speed_factor,1.5,1.5,7,False,1,2026,59.01902560694946,136.99555059988052,0.0,3.0,1.0,15.0,3.0,0.2,9646.0,6.0,0.0006220194899440182,22.0,15.286810402336048,2.556788201744294,19.17542700286912,0.0,0.0,0.37276115242081376,0.2590149573824213,0.04332142348082469,0.3249024667159402,0.0,0.0,73.33333333333333,63.389969917008486,0.12636169508788841,1.0,1.5,1.0,,
5.2,deterministic,small_15c_1v_seed2.json,small,speed_only,drone_speed_factor,0.6,0.6,1,False,1,2026,73.3378279025642,88.23169519985095,0.0,3.0,1.3333333333333333,13.0,4.0,0.3076923076923077,5654.0,4.0,0.0007074637424831977,22.0,22.64179892611863,1.8827017374611228,26.813327238984446,0.0,0.0,0.29998161425272846,0.30873288142921634,0.02567163210727292,0.36561387221078223,0.0,0.0,53.333333333333336,99.46370171905848,0.603261815041145,1.0,0.6,1.0,,
5.2,deterministic,small_15c_1v_seed2.json,small,speed_only,drone_speed_factor,0.75,0.75,2,False,1,2026,72.24193442164785,90.37266479991376,0.0,3.0,1.6666666666666667,13.0,5.0,0.38461538461538464,5654.0,6.0,0.0010611956137247967,22.0,20.21365721264173,2.268140114411328,27.760137094594786,0.0,0.0,0.30453226614329876,0.27980503809134644,0.03139644768055466,0.3842662480848,0.0,0.0,53.333333333333336,98.31472109938294,1.844139188497184,1.0,0.75,1.0,,
5.2,deterministic,small_15c_1v_seed2.json,small,speed_only,drone_speed_factor,0.85,0.85,3,False,1,2026,73.78842860568099,93.18835110007785,0.0,2.0,1.5,13.0,3.0,0.23076923076923078,5654.0,6.0,0.0010611956137247967,22.0,19.706536711361963,1.9661995508589711,30.11569234346006,0.0,0.0,0.29814972910679677,0.26706811736935065,0.026646448339023077,0.40813570518482956,0.0,0.0,53.333333333333336,97.8136381905437,0.06551718692067822,1.0,0.85,1.0,,
5.2,deterministic,small_15c_1v_seed2.json,small,speed_only,drone_speed_factor,1.0,1.0,4,True,1,2026,73.5557314345551,63.56068299990147,0.0,2.0,1.0,13.0,2.0,0.15384615384615385,5654.0,4.0,0.0007074637424831977,22.0,23.5501390499429,1.2975788973576838,26.70801348725451,0.0,0.0,0.29909294042673085,0.32016728799571814,0.017640758538472037,0.36309901303907893,0.0,0.0,53.333333333333336,102.18758111090304,0.10312755537875362,1.0,1.0,1.0,,
5.2,deterministic,small_15c_1v_seed2.json,small,speed_only,drone_speed_factor,1.15,1.15,5,False,1,2026,74.12057777742423,62.173194700153545,0.0,3.0,1.6666666666666667,13.0,5.0,0.38461538461538464,5654.0,4.0,0.0007074637424831977,22.0,18.510792064133305,2.89009764907907,30.719688064211855,0.0,0.0,0.29681366038542667,0.24973890678131427,0.03899183918611251,0.4144555936471465,0.0,0.0,53.333333333333336,97.37387708583245,0.7486182271925346,1.0,1.15,1.0,,
5.2,deterministic,small_15c_1v_seed2.json,small,speed_only,drone_speed_factor,1.3,1.3,6,False,1,2026,74.59745716003081,62.10637679998763,0.0,3.0,1.3333333333333333,13.0,4.0,0.3076923076923077,5654.0,2.0,0.00035373187124159886,22.0,20.890258898268556,2.768010209927714,28.939188051834538,0.0,0.0,0.2949162188304129,0.280039825666625,0.03710595930890268,0.38793799619405933,0.0,0.0,53.333333333333336,100.15771637855269,0.13508850325855917,1.0,1.3,1.0,,
5.2,deterministic,small_15c_1v_seed2.json,small,speed_only,drone_speed_factor,1.5,1.5,7,False,1,2026,73.7982763390902,57.93431989988312,0.0,2.0,1.0,13.0,2.0,0.15384615384615385,5654.0,2.0,0.00035373187124159886,22.0,22.906962795764077,1.601885165858881,27.289428377467235,0.0,0.0,0.2981099436376243,0.3103996994524721,0.021706268023097157,0.3697840888868065,0.0,0.0,53.333333333333336,101.50851883221706,0.0,1.0,1.5,1.0,,
5.2,deterministic,small_15c_1v_seed3.json,small,speed_only,drone_speed_factor,0.6,0.6,1,False,1,2026,50.98370963839387,98.71040820004418,0.0,3.0,1.6666666666666667,14.0,5.0,0.35714285714285715,7142.0,6.0,0.0008401008120974517,22.0,11.737180602689751,1.9502127034978116,15.29631633220631,0.0,0.0,0.43151038157161964,0.23021433092916668,0.03825168308328003,0.30002360441593373,0.0,0.0,80.0,53.48151845360004,0.3351978899132059,1.0,0.6,1.0,,
5.2,deterministic,small_15c_1v_seed3.json,small,speed_only,drone_speed_factor,0.75,0.75,2,False,1,2026,53.810352742264286,82.50539700011723,0.0,2.0,2.0,14.0,4.0,0.2857142857142857,7142.0,6.0,0.0008401008120974517,22.0,13.846647640582635,1.7542776264721964,16.209427475209463,0.0,0.0,0.4088432593143091,0.2573231159978451,0.03260111738859377,0.3012325072992522,0.0,0.0,80.0,56.067635793645856,7.105427357601002e-15,1.0,0.75,1.0,,
5.2,deterministic,small_15c_1v_seed3.json,small,speed_only,drone_speed_factor,0.85,0.85,3,False,1,2026,52.10142371976118,95.75677529978566,0.0,3.0,2.0,14.0,6.0,0.42857142857142855,7142.0,6.0,0.0008401008120974517,22.0,11.099197965740178,2.981420788526459,16.02080496549455,0.0,0.0,0.42225333646028135,0.21303060786667988,0.0572234034248791,0.3074926522481598,0.0,0.0,80.0,53.916247953153345,0.18221279186875208,1.0,0.85,1.0,,
5.2,deterministic,small_15c_1v_seed3.json,small,speed_only,drone_speed_factor,1.0,1.0,4,True,1,2026,51.37411680767965,89.30521769984625,0.0,2.0,2.0,14.0,4.0,0.2857142857142857,7142.0,6.0,0.0008401008120974517,22.0,11.839848715593867,2.306703827513723,15.227564264572061,0.0,0.0,0.4282312060440392,0.230463304311715,0.04490011645648195,0.29640537318776394,0.0,0.0,80.0,53.976641985824,0.1146610290291858,1.0,1.0,1.0,,
5.2,deterministic,small_15c_1v_seed3.json,small,speed_only,drone_speed_factor,1.15,1.15,5,False,1,2026,53.2602474764106,84.68573120003566,0.0,2.0,2.0,14.0,4.0,0.2857142857142857,7142.0,6.0,0.0008401008120974517,22.0,14.009719600748372,2.394146145891403,14.856381729770826,0.0,0.0,0.4130660491155994,0.2630427056681138,0.04495184043130461,0.27893940478498225,0.0,0.0,80.0,55.899518779345954,0.0,1.0,1.15,1.0,,
5.2,deterministic,small_15c_1v_seed3.json,small,speed_only,drone_speed_factor,1.3,1.3,6,False,1,2026,54.81329232752161,85.50549160013907,0.0,3.0,1.0,14.0,3.0,0.21428571428571427,7142.0,6.0,0.0008401008120974517,22.0,18.251001709114444,2.1390075907138657,12.423283027693294,0.0,0.0,0.40136249923732203,0.33296671179794585,0.03902351965893272,0.22664726930579934,0.0,0.0,80.0,60.7842332010615,0.7867731804906007,1.0,1.3,1.0,,
5.2,deterministic,small_15c_1v_seed3.json,small,speed_only,drone_speed_factor,1.5,1.5,7,False,1,2026,56.11973109747982,163.5949006001465,0.0,2.0,1.0,14.0,2.0,0.14285714285714285,7142.0,8.0,0.0011201344161299357,22.0,17.617499814479444,1.7186833451472343,14.783547937853141,0.0,0.0,0.392018984584692,0.31392701764514686,0.030625295444874565,0.2634287023252866,0.0,0.0,80.0,59.61074854732044,0.06404837963241902,1.0,1.5,1.0,,
5.3,deterministic,large_150c_9v_seed1.json,large,random_ratio,drone_serviceable_ratio,0.2,20.0,1,False,1,2026,1190.7763907829817,761.8627645999659,0.0,15.0,1.0666666666666667,26.0,16.0,0.6153846153846154,7184.0,23.0,0.0032015590200445434,198.0,388.32957404174226,9.820061715813736,594.6267550254256,0.0,0.0,0.16627806994880653,0.32611460644294477,0.00824677226708926,0.49936055134115936,0.0,0.0,73.33333333333333,1459.249442231081,5.2377920115268495,,,,30,2043
5.3,deterministic,large_150c_9v_seed1.json,large,random_ratio,drone_serviceable_ratio,0.35,35.0,2,False,1,2026,1185.4333240448627,875.5915643000044,0.0,16.0,1.25,48.0,20.0,0.4166666666666667,19932.0,38.0,0.00190648203893237,198.0,350.22934521083243,12.706198203526734,624.4977806305037,0.0,0.0,0.16702752991994232,0.2954441537173946,0.010718610609132722,0.5268097057535305,0.0,0.0,73.33333333333333,1426.03339255869,2.1855965806958455,,,,52,2060
5.3,deterministic,large_150c_9v_seed1.json,large,random_ratio,drone_serviceable_ratio,0.5,50.0,3,True,1,2026,1192.0302745155996,1045.1958651000168,0.0,20.0,1.2,68.0,24.0,0.35294117647058826,42761.0,47.0,0.0010991323869881434,198.0,338.66196382068273,14.91783550405824,640.4504751908585,0.0,0.0,0.16610316384830112,0.28410517002875907,0.012514644823194898,0.5372770212997449,0.0,0.0,73.33333333333333,1410.999732679163,2.855170732154399,,,,75,2077
5.3,deterministic,large_150c_9v_seed1.json,large,random_ratio,drone_serviceable_ratio,0.75,75.0,4,False,1,2026,1103.761570551776,2188.70231819991,0.0,26.0,1.2692307692307692,106.0,33.0,0.3113207547169811,126833.0,57.0,0.00044940985390237557,176.0,310.90235574468244,21.127937059908607,595.7312777471849,0.0,0.0,0.15945472708568456,0.2816752857134361,0.019141758169154813,0.5397282290317245,0.0,0.0,73.33333333333333,1347.2840480869036,4.4418760643714,,,,112,2094
5.3,deterministic,large_150c_9v_seed1.json,large,random_ratio,drone_serviceable_ratio,1.0,100.0,5,False,1,2026,1157.6860220908889,5142.016679600114,0.0,27.0,1.3333333333333333,139.0,36.0,0.2589928057553957,272294.0,62.0,0.00022769506489309348,198.0,335.391296680335,22.617035565824462,601.6776898447292,0.0,0.0,0.1710308289309683,0.28970834084580815,0.01953641586254621,0.5197244143606772,0.0,0.0,73.33333333333333,1394.0164865008865,4.141482505448968,,,,150,2111
5.3,deterministic,large_150c_9v_seed2.json,large,random_ratio,drone_serviceable_ratio,0.2,20.0,1,False,1,2026,1245.6292001126599,659.1604206999764,0.0,14.0,1.0,28.0,14.0,0.5,5681.0,28.0,0.004928709734201725,198.0,410.3119238607854,11.011984064550223,626.3052921873243,0.0,0.0,0.15895581123346503,0.3294013369497721,0.00884049929429581,0.5028023525224671,0.0,0.0,60.0,1948.5977706700544,6.60130481552716,,,,30,2043
5.3,deterministic,large_150c_9v_seed2.json,large,random_ratio,drone_serviceable_ratio,0.35,35.0,2,False,1,2026,1247.2750624772784,733.1038601000328,0.0,18.0,1.1666666666666667,49.0,21.0,0.42857142857142855,19603.0,32.0,0.001632403203591287,198.0,386.3553303595987,14.236542100533057,648.6831900171468,0.0,0.0,0.1587460584730539,0.3097595245688935,0.011414115882552093,0.5200803010755006,0.0,0.0,60.0,1936.0655604272804,1.836579564371059,,,,52,2060
5.3,deterministic,large_150c_9v_seed2.json,large,random_ratio,drone_serviceable_ratio,0.5,50.0,3,True,1,2026,1249.2795780922152,775.0278040000703,0.0,21.0,1.1428571428571428,69.0,24.0,0.34782608695652173,54890.0,42.0,0.0007651666970304244,198.0,364.20261181288356,16.678825629491094,670.3981406498403,0.0,0.0,0.1584913445094231,0.29153010919225963,0.013350755044728628,0.5366277912535885,0.0,0.0,60.0,1902.2353362711456,7.101650561347338,,,,75,2077
5.3,deterministic,large_150c_9v_seed2.json,large,random_ratio,drone_serviceable_ratio,0.75,75.0,4,False,1,2026,1194.516884666804,1019.8531887000427,0.0,15.0,1.1333333333333333,105.0,17.0,0.1619047619047619,128083.0,51.0,0.00039817930560652075,198.0,381.0169831114629,12.3515995155351,603.148302039806,0.0,0.0,0.16575738906799103,0.3189716177329239,0.01034024690155839,0.5049307462975268,0.0,0.0,60.0,1913.8405654789676,3.8626401159844233,,,,112,2094
5.3,deterministic,large_150c_9v_seed2.json,large,random_ratio,drone_serviceable_ratio,1.0,100.0,5,False,1,2026,1222.971971239856,1727.6889623000752,0.0,22.0,1.0909090909090908,139.0,24.0,0.17266187050359713,313104.0,53.0,0.00016927282947519034,198.0,344.8981830657149,15.766535937868014,664.3072522362733,0.0,0.0,0.1619006850985035,0.2820164248867087,0.012891984696823271,0.5431909053179647,0.0,0.0,60.0,1883.0631376496058,3.6458151550015376,,,,150,2111
5.3,deterministic,large_150c_9v_seed3.json,large,random_ratio,drone_serviceable_ratio,0.2,20.0,1,False,1,2026,1224.1522278784055,710.0865262998268,0.0,13.0,1.1538461538461537,29.0,15.0,0.5172413793103449,5064.0,20.0,0.0039494470774091624,198.0,376.11163723049737,11.39923769615506,638.6413529517531,0.0,0.0,0.1617445898400695,0.3072425378683021,0.009311944574010399,0.521700927717618,0.0,0.0,74.0,1358.607374408879,2.804383098037592,,,,30,2043
5.3,deterministic,large_150c_9v_seed3.json,large,random_ratio,drone_serviceable_ratio,0.35,35.0,2,False,1,2026,1199.7125624912148,730.4930054999422,0.0,18.0,1.0555555555555556,48.0,19.0,0.3958333333333333,12693.0,28.0,0.002205940282045222,176.0,367.9084581574193,14.007899933410554,641.796204400385,0.0,0.0,0.1467018063347893,0.3066638373723901,0.011676046722660812,0.5349583095701598,0.0,0.0,74.0,1330.2675285968223,9.571288745933227,,,,52,2060
5.3,deterministic,large_150c_9v_seed3.json,large,random_ratio,drone_serviceable_ratio,0.5,50.0,3,True,1,2026,1220.5741149684002,925.5797824999318,0.0,19.0,1.3157894736842106,72.0,25.0,0.3472222222222222,35276.0,37.0,0.0010488717541671392,198.0,358.5263584211208,14.450613470040532,649.5971430772389,0.0,0.0,0.16221874409087078,0.293735836295695,0.011839193780063612,0.5322062258333706,0.0,0.0,74.0,1342.386531661262,10.303912157061855,,,,75,2077
5.3,deterministic,large_150c_9v_seed3.json,large,random_ratio,drone_serviceable_ratio,0.75,75.0,4,False,1,2026,1205.4891868776772,1211.5756260000635,0.0,25.0,1.4,100.0,35.0,0.35,67837.0,43.0,0.0006338723705352536,176.0,345.9761211054563,21.138641087855646,662.3744246843653,0.0,0.0,0.1459988209897224,0.2870006009772388,0.017535322023589928,0.549465256009449,0.0,0.0,74.0,1319.569431759173,8.352896915305598,,,,112,2094
5.3,deterministic,large_150c_9v_seed3.json,large,random_ratio,drone_serviceable_ratio,1.0,100.0,5,False,1,2026,1203.5716618123488,2204.1832014000975,0.0,26.0,1.3076923076923077,136.0,34.0,0.25,160158.0,57.0,0.00035589855018169556,176.0,299.03382586330156,22.228745488371143,706.309090460676,0.0,0.0,0.14623142566764796,0.24845535612978276,0.018468983770271646,0.5868442344322976,0.0,0.0,74.0,1268.4147664640125,3.859835510956121,,,,150,2111
5.3,deterministic,medium_60c_4v_seed1.json,medium,random_ratio,drone_serviceable_ratio,0.2,20.0,1,False,1,2026,316.2954530990661,215.88973330007866,0.0,7.0,1.0,12.0,7.0,0.5833333333333334,2149.0,5.0,0.002326663564448581,66.0,112.85614671325925,5.064198494608376,132.3751078911985,0.0,0.0,0.2086656616569455,0.3568060988784175,0.016010974691508546,0.4185172647731285,0.0,0.0,75.0,398.3499916847589,1.994260462270293,,,,12,2043
5.3,deterministic,medium_60c_4v_seed1.json,medium,random_ratio,drone_serviceable_ratio,0.35,35.0,2,False,1,2026,315.80115796640007,191.2831007000059,0.0,5.0,1.2,20.0,6.0,0.3,4313.0,10.0,0.002318571759795966,88.0,113.05059010872839,4.212216268326408,110.53835158934524,0.0,0.0,0.2786563563182464,0.3579802899923391,0.013338191333594067,0.3500251623558203,0.0,0.0,75.0,419.35139656247065,1.576788770545612,,,,21,2060
5.3,deterministic,medium_60c_4v_seed1.json,medium,random_ratio,drone_serviceable_ratio,0.5,50.0,3,True,1,2026,307.53757324673734,366.67502800002694,0.0,7.0,1.1428571428571428,30.0,8.0,0.26666666666666666,21427.0,9.0,0.00042003080225883234,66.0,89.18672761158248,4.7607049916949125,147.59014064345993,0.0,0.0,0.2146079235236997,0.29000270331205347,0.015480075951159957,0.47990929721308684,0.0,0.0,75.0,377.4257041373812,1.5046798207676997,,,,30,2077
5.3,deterministic,medium_60c_4v_seed1.json,medium,random_ratio,drone_serviceable_ratio,0.75,75.0,4,False,1,2026,322.13867339113943,713.6418463999871,0.0,8.0,1.125,43.0,9.0,0.20930232558139536,47951.0,15.0,0.0003128193364059144,88.0,109.67251243653719,5.641571321454182,118.82458963314805,0.0,0.0,0.2731742794915864,0.34045124505548974,0.017512865692484583,0.3688616097604392,0.0,0.0,75.0,415.0625522726259,1.194387323773995,,,,45,2094
5.3,deterministic,medium_60c_4v_seed1.json,medium,random_ratio,drone_serviceable_ratio,1.0,100.0,5,False,1,2026,311.3601029956373,1176.1096026999876,0.0,6.0,1.5,57.0,9.0,0.15789473684210525,80462.0,18.0,0.00022370808580447914,66.0,109.26730466428779,6.152549564778203,129.9402487665713,0.0,0.0,0.21197320840083603,0.35093547186364726,0.019760237440775805,0.41733108229474086,0.0,0.0,75.0,392.0048066091416,1.2542157482751337,,,,60,2111
5.3,deterministic,medium_60c_4v_seed2.json,medium,random_ratio,drone_serviceable_ratio,0.2,20.0,1,False,1,2026,319.9872838113357,293.600692700129,0.0,4.0,1.5,11.0,6.0,0.5454545454545454,1046.0,5.0,0.004780114722753346,66.0,97.68940243657086,4.043470947603279,152.25441042716162,0.0,0.0,0.2062581963066806,0.3052915143158266,0.012636348855622983,0.47581394052187,0.0,0.0,76.66666666666667,360.49348190195525,0.5531976611849772,,,,12,2043
5.3,deterministic,medium_60c_4v_seed2.json,medium,random_ratio,drone_serviceable_ratio,0.35,35.0,2,False,1,2026,322.4049059664011,359.140147899976,0.0,8.0,1.0,20.0,8.0,0.4,3634.0,12.0,0.003302146395156852,66.0,90.04186120281572,5.951140422915642,160.41190434066976,0.0,0.0,0.20471152509967724,0.2792819201460889,0.01845859139480908,0.4975479633594249,0.0,0.0,76.66666666666667,358.6423113804884,1.5628314759658546,,,,21,2060
5.3,deterministic,medium_60c_4v_seed2.json,medium,random_ratio,drone_serviceable_ratio,0.5,50.0,3,True,1,2026,329.0124683224981,444.4124531999696,0.0,8.0,1.125,27.0,9.0,0.3333333333333333,9836.0,12.0,0.0012200081333875558,88.0,97.1094316156494,7.370812013711231,136.53222469313744,0.0,0.0,0.2674670672776522,0.29515425999133477,0.0224028349177526,0.4149758378132604,0.0,0.0,76.66666666666667,384.5776088599827,2.361815202607387,,,,30,2077
5.3,deterministic,medium_60c_4v_seed2.json,medium,random_ratio,drone_serviceable_ratio,0.75,75.0,4,False,1,2026,312.0319431310293,1049.1781866000965,0.0,9.0,1.2222222222222223,41.0,11.0,0.2682926829268293,24262.0,18.0,0.0007419009150111285,66.0,91.02625344878508,6.308853861751163,148.69683582049305,0.0,0.0,0.21151680606073428,0.29172094541154425,0.02021861543547781,0.47654363309224357,0.0,0.0,76.66666666666667,353.725644536382,4.431509229847136,,,,45,2094
5.3,deterministic,medium_60c_4v_seed2.json,medium,random_ratio,drone_serviceable_ratio,1.0,100.0,5,False,1,2026,326.4314376236389,2038.1983813999686,0.0,9.0,1.2222222222222223,56.0,11.0,0.19642857142857142,60869.0,21.0,0.0003450032036011763,66.0,104.67768082786075,6.742161951743591,149.01159484403453,0.0,0.0,0.20218640851649558,0.3206727930063817,0.020654144100903073,0.4564866543762196,0.0,0.0,76.66666666666667,369.5250305109887,0.4505034677411552,,,,60,2111
5.3,deterministic,medium_60c_4v_seed3.json,medium,random_ratio,drone_serviceable_ratio,0.2,20.0,1,False,1,2026,290.2119466645114,206.75773270009086,0.0,4.0,1.0,12.0,4.0,0.3333333333333333,1411.0,9.0,0.0063784549964564135,66.0,83.21185636838767,2.401684029955542,138.5984062661682,0.0,0.0,0.22741999686283354,0.2867278805189285,0.008275620826636467,0.4775765017916016,0.0,0.0,70.0,365.250231215474,3.7402389009375265,,,,12,2043
5.3,deterministic,medium_60c_4v_seed3.json,medium,random_ratio,drone_serviceable_ratio,0.35,35.0,2,False,1,2026,288.7028532494936,201.92595960013568,0.0,6.0,1.0,20.0,6.0,0.3,5952.0,12.0,0.0020161290322580645,66.0,87.6609889553256,3.9836610332750184,131.058203260893,0.0,0.0,0.2286087555323313,0.30363741808803674,0.013798481686055197,0.45395534469357685,0.0,0.0,70.0,369.29982436054615,1.856651120082807,,,,21,2060
5.3,deterministic,medium_60c_4v_seed3.json,medium,random_ratio,drone_serviceable_ratio,0.5,50.0,3,True,1,2026,289.384462928176,330.5305765999947,0.0,13.0,1.1538461538461537,29.0,15.0,0.5172413793103449,12518.0,17.0,0.001358044416040901,88.0,69.8173455505132,9.869301888954082,121.6978154887087,0.0,0.0,0.30409372745709995,0.24126155510927194,0.03410446362285732,0.4205402538107707,0.0,0.0,70.0,377.25414659078285,1.0496130269209787,,,,30,2077
5.3,deterministic,medium_60c_4v_seed3.json,medium,random_ratio,drone_serviceable_ratio,0.75,75.0,4,False,1,2026,292.02823022301436,629.7399505001958,0.0,9.0,1.2222222222222223,45.0,11.0,0.24444444444444444,28098.0,23.0,0.0008185635988326571,88.0,73.74772893876873,6.597479085278217,123.68302219896744,0.0,0.0,0.3013407297397128,0.2525363006256262,0.02259192229545717,0.42353104733920394,0.0,0.0,70.0,378.0786279272831,0.90392502282031,,,,45,2094
5.3,deterministic,medium_60c_4v_seed3.json,medium,random_ratio,drone_serviceable_ratio,1.0,100.0,5,False,1,2026,275.25904424008144,1393.4853217001073,0.0,10.0,1.2,59.0,12.0,0.2033898305084746,73722.0,25.0,0.00033911179837768917,66.0,74.07359506789409,7.272747871692402,127.91270130049499,0.0,0.0,0.23977413778431447,0.2691050362119508,0.026421467428147785,0.4646993585755871,0.0,0.0,70.0,359.4776777075088,2.6296572888496947,,,,60,2111
5.3,deterministic,small_15c_1v_seed1.json,small,random_ratio,drone_serviceable_ratio,0.2,20.0,1,False,1,2026,59.30929423770266,26.728667499963194,0.0,1.0,2.0,3.0,2.0,0.6666666666666666,482.0,2.0,0.004149377593360996,22.0,20.454309750692488,1.1129914879223946,15.741992999087778,0.0,0.0,0.3709368031227506,0.34487528495474445,0.018765886565125754,0.2654220253573792,0.0,0.0,73.33333333333333,67.15579311657231,0.0,,,,3,2043
5.3,deterministic,small_15c_1v_seed1.json,small,random_ratio,drone_serviceable_ratio,0.35,35.0,2,False,1,2026,58.50663076846447,28.763967599952593,0.0,3.0,1.0,5.0,3.0,0.6,1038.0,4.0,0.0038535645472061657,22.0,13.571694213369536,2.190278266719161,20.744658288375767,0.0,0.0,0.376025754876628,0.23196848006986562,0.03743641084695204,0.35456935420655433,0.0,0.0,73.33333333333333,61.436946630661396,0.1623426432191905,,,,5,2060
5.3,deterministic,small_15c_1v_seed1.json,small,random_ratio,drone_serviceable_ratio,0.5,50.0,3,True,1,2026,55.73682184246728,40.72770899999887,0.0,3.0,1.3333333333333333,8.0,4.0,0.5,2310.0,6.0,0.0025974025974025974,22.0,13.356501951932199,2.5160867789833286,17.864233111551744,0.0,0.0,0.39471213594094184,0.23963515518847803,0.04514227212478518,0.3205104367457948,0.0,0.0,73.33333333333333,60.99959519767209,7.105427357601002e-15,,,,8,2077
5.3,deterministic,small_15c_1v_seed1.json,small,random_ratio,drone_serviceable_ratio,0.75,75.0,4,False,1,2026,57.75333136580255,57.36701799998991,0.0,3.0,1.3333333333333333,11.0,4.0,0.36363636363636365,4398.0,4.0,0.0009095043201455207,22.0,14.20909369491024,2.4208465479523373,19.12339112293998,0.0,0.0,0.380930406605546,0.246030719940839,0.04191700272005074,0.33112187073356436,0.0,0.0,73.33333333333333,62.09502095506345,0.3128434304690645,,,,11,2094
5.3,deterministic,small_15c_1v_seed1.json,small,random_ratio,drone_serviceable_ratio,1.0,100.0,5,False,1,2026,56.26215705960893,134.6342430000659,0.0,5.0,1.0,15.0,5.0,0.3333333333333333,9646.0,6.0,0.0006220194899440182,22.0,11.495868733880044,3.0638732061284526,19.70241511960043,0.0,0.0,0.3910266002899839,0.2043268394722289,0.05445708743236282,0.3501894728054243,0.0,0.0,73.33333333333333,59.75492747024314,0.02848737228010905,,,,15,2111
5.3,deterministic,small_15c_1v_seed2.json,small,random_ratio,drone_serviceable_ratio,0.2,20.0,1,False,1,2026,74.42310254779927,25.73024329985492,0.0,1.0,1.0,2.0,1.0,0.5,198.0,0.0,0.0,22.0,24.799372175624857,0.4457922371534527,27.17793813502097,0.0,0.0,0.295607133361179,0.33322142354515677,0.005989971149981774,0.36518147194368256,0.0,0.0,53.333333333333336,102.78890130644015,0.0035119313388487505,,,,3,2043
5.3,deterministic,small_15c_1v_seed2.json,small,random_ratio,drone_serviceable_ratio,0.35,35.0,2,False,1,2026,72.88200559005806,28.336658399784938,0.0,2.0,1.5,5.0,3.0,0.6,742.0,2.0,0.0026954177897574125,22.0,22.440479320493875,1.7335127823096692,26.70801348725451,0.0,0.0,0.30185777438321554,0.30790150653531156,0.023785195924220563,0.36645552315725227,0.0,0.0,53.333333333333336,101.32377117423118,0.0,,,,5,2060
5.3,deterministic,small_15c_1v_seed2.json,small,random_ratio,drone_serviceable_ratio,0.5,50.0,3,True,1,2026,73.23649007679475,29.572194600012153,0.0,2.0,1.0,7.0,2.0,0.2857142857142857,768.0,4.0,0.005208333333333333,22.0,21.187184341198865,1.3066618951610647,28.74264384043483,0.0,0.0,0.30039670083767134,0.28929819436980503,0.017841678291667412,0.3924634265008563,0.0,0.0,53.333333333333336,99.3719593512715,0.8531329826374207,,,,8,2077
5.3,deterministic,small_15c_1v_seed2.json,small,random_ratio,drone_serviceable_ratio,0.75,75.0,4,False,1,2026,73.05161592844425,44.798668399918824,0.0,2.0,1.0,10.0,2.0,0.2,3054.0,4.0,0.0013097576948264572,22.0,23.186567426099206,1.2415963334875186,26.623452168857522,0.0,0.0,0.3011569247359225,0.31739978823755227,0.01699615152529536,0.36444713550122987,0.0,0.0,53.333333333333336,101.36752854622848,0.1603621332385132,,,,11,2094
5.3,deterministic,small_15c_1v_seed2.json,small,random_ratio,drone_serviceable_ratio,1.0,100.0,5,False,1,2026,73.5557314345551,63.738394800107926,0.0,2.0,1.0,13.0,2.0,0.15384615384615385,5654.0,4.0,0.0007074637424831977,22.0,23.5501390499429,1.2975788973576838,26.70801348725451,0.0,0.0,0.29909294042673085,0.32016728799571814,0.017640758538472037,0.36309901303907893,0.0,0.0,53.333333333333336,102.18758111090304,0.10312755537875362,,,,15,2111
5.3,deterministic,small_15c_1v_seed3.json,small,random_ratio,drone_serviceable_ratio,0.2,20.0,1,False,1,2026,55.9827510107435,26.303565899841487,0.0,1.0,1.0,3.0,1.0,0.3333333333333333,246.0,2.0,0.008130081300813009,22.0,20.80620424246247,0.5503514403198604,12.626195327961169,0.0,0.0,0.3929781870808392,0.371653837419844,0.009830732330646701,0.2255372431686701,0.0,0.0,80.0,61.823266209373344,0.0,,,,3,2043
5.3,deterministic,small_15c_1v_seed3.json,small,random_ratio,drone_serviceable_ratio,0.35,35.0,2,False,1,2026,54.77553908580822,26.363906200043857,0.0,2.0,1.5,5.0,3.0,0.6,834.0,4.0,0.004796163069544364,22.0,17.59052460604864,1.812586525842624,13.372427953916954,0.0,0.0,0.40163913248824556,0.32113832012665966,0.0330911672636052,0.24413138012148955,0.0,0.0,80.0,59.81440273534423,0.0,,,,5,2060
5.3,deterministic,small_15c_1v_seed3.json,small,random_ratio,drone_serviceable_ratio,0.5,50.0,3,True,1,2026,54.27079101166472,35.25290219997987,0.0,3.0,1.3333333333333333,8.0,4.0,0.5,1880.0,6.0,0.0031914893617021275,22.0,14.964210328535668,2.2438826625246353,15.062698020604413,0.0,0.0,0.40537459635094353,0.27573230552912575,0.04134604675362748,0.2775470513663032,0.0,0.0,80.0,56.665474976566756,0.42197665496248893,,,,8,2077
5.3,deterministic,small_15c_1v_seed3.json,small,random_ratio,drone_serviceable_ratio,0.75,75.0,4,False,1,2026,52.46384604355447,44.474101699888706,0.0,2.0,2.0,10.0,4.0,0.4,3198.0,4.0,0.0012507817385866166,22.0,13.463104140609445,2.2024344116717547,14.798307491273274,0.0,0.0,0.41933639370884146,0.2566167972022607,0.041980041071394886,0.2820667680175031,0.0,0.0,80.0,54.83660901808347,0.4050893163654907,,,,11,2094
5.3,deterministic,small_15c_1v_seed3.json,small,random_ratio,drone_serviceable_ratio,1.0,100.0,5,False,1,2026,51.37411680767965,88.78752489993349,0.0,2.0,2.0,14.0,4.0,0.2857142857142857,7142.0,6.0,0.0008401008120974517,22.0,11.839848715593867,2.306703827513723,15.227564264572061,0.0,0.0,0.4282312060440392,0.230463304311715,0.04490011645648195,0.29640537318776394,0.0,0.0,80.0,53.976641985824,0.1146610290291858,,,,15,2111
