transport_cost,penalty_cost,total_cost,service_rate,adjustment_freq,penalty_freq,run_id,instance,algorithm,variant,computation_time
40.63,3.65,44.28,80.0,1.0,2.0,1,10-90-50,ALNS,No-PM,0.34
41.43,3.13,44.56,80.0,0.0,2.0,2,10-90-50,ALNS,No-PM,0.32
40.84,3.35,44.19,90.0,0.0,1.0,3,10-90-50,ALNS,No-PM,0.33
40.99,3.4,44.4,80.0,0.0,2.0,4,10-90-50,ALNS,No-PM,0.3
40.67,3.81,44.49,90.0,0.0,1.0,5,10-90-50,ALNS,No-PM,0.33
40.81,3.39,44.2,90.0,0.0,1.0,6,10-90-50,ALNS,No-PM,0.34
40.64,3.67,44.31,80.0,1.0,2.0,7,10-90-50,ALNS,No-PM,0.3
41.07,3.49,44.56,80.0,0.0,2.0,8,10-90-50,ALNS,No-PM,0.31
40.84,3.34,44.17,80.0,1.0,2.0,9,10-90-50,ALNS,No-PM,0.3
40.95,3.58,44.53,90.0,0.0,1.0,10,10-90-50,ALNS,No-PM,0.3
40.89,3.48,44.37,84.0,0.3,1.6,Average,10-90-50,ALNS,No-PM,0.32
39.47,3.59,43.06,80.0,1.0,2.0,1,10-90-50,ALNS,No-Clustering,0.25
40.31,3.04,43.34,90.0,0.0,1.0,2,10-90-50,ALNS,No-Clustering,0.26
39.94,3.58,43.52,90.0,0.0,1.0,3,10-90-50,ALNS,No-Clustering,0.24
39.63,3.7,43.33,80.0,0.0,2.0,4,10-90-50,ALNS,No-Clustering,0.24
39.51,3.56,43.07,90.0,0.0,1.0,5,10-90-50,ALNS,No-Clustering,0.26
39.24,3.82,43.06,90.0,0.0,1.0,6,10-90-50,ALNS,No-Clustering,0.26
39.51,3.66,43.17,90.0,0.0,1.0,7,10-90-50,ALNS,No-Clustering,0.26
39.71,3.68,43.39,90.0,0.0,1.0,8,10-90-50,ALNS,No-Clustering,0.24
39.77,3.75,43.51,80.0,1.0,2.0,9,10-90-50,ALNS,No-Clustering,0.26
39.92,3.41,43.33,80.0,0.0,2.0,10,10-90-50,ALNS,No-Clustering,0.26
39.7,3.58,43.28,86.0,0.2,1.4,Average,10-90-50,ALNS,No-Clustering,0.26
39.0,3.2,42.2,80.0,0.0,2.0,1,10-90-50,ALNS,Complete,0.34
38.47,3.62,42.09,90.0,0.0,1.0,2,10-90-50,ALNS,Complete,0.38
38.63,3.69,42.32,90.0,0.0,1.0,3,10-90-50,ALNS,Complete,0.35
38.39,3.68,42.07,80.0,1.0,2.0,4,10-90-50,ALNS,Complete,0.36
38.68,3.4,42.08,90.0,0.0,1.0,5,10-90-50,ALNS,Complete,0.36
38.74,3.37,42.11,80.0,1.0,2.0,6,10-90-50,ALNS,Complete,0.34
38.57,3.44,42.01,90.0,0.0,1.0,7,10-90-50,ALNS,Complete,0.33
38.96,3.12,42.09,90.0,0.0,1.0,8,10-90-50,ALNS,Complete,0.33
39.03,3.31,42.34,80.0,0.0,2.0,9,10-90-50,ALNS,Complete,0.36
38.58,3.62,42.2,80.0,1.0,2.0,10,10-90-50,ALNS,Complete,0.37
38.7,3.44,42.15,85.0,0.3,1.5,Average,10-90-50,ALNS,Complete,0.36
56.13,7.43,63.56,90.0,1.0,2.0,1,20-90-50,ALNS,No-PM,1.17
55.5,8.65,64.15,90.0,1.0,2.0,2,20-90-50,ALNS,No-PM,1.31
55.45,8.77,64.22,90.0,0.0,2.0,3,20-90-50,ALNS,No-PM,1.23
56.35,6.99,63.34,90.0,0.0,2.0,4,20-90-50,ALNS,No-PM,1.23
54.62,8.28,62.9,90.0,0.0,2.0,5,20-90-50,ALNS,No-PM,1.24
55.8,8.5,64.3,85.0,1.0,3.0,6,20-90-50,ALNS,No-PM,1.31
56.41,7.61,64.02,90.0,0.0,2.0,7,20-90-50,ALNS,No-PM,1.23
55.32,8.41,63.73,85.0,1.0,3.0,8,20-90-50,ALNS,No-PM,1.28
55.21,8.07,63.28,90.0,0.0,2.0,9,20-90-50,ALNS,No-PM,1.21
55.76,7.25,63.0,90.0,0.0,2.0,10,20-90-50,ALNS,No-PM,1.22
55.65,8.0,63.65,89.0,0.4,2.2,Average,20-90-50,ALNS,No-PM,1.25
53.96,7.58,61.54,85.0,1.0,3.0,1,20-90-50,ALNS,No-Clustering,1.0
53.77,8.24,62.02,90.0,1.0,2.0,2,20-90-50,ALNS,No-Clustering,1.15
53.51,8.23,61.73,90.0,1.0,2.0,3,20-90-50,ALNS,No-Clustering,1.1
54.28,7.56,61.84,85.0,1.0,3.0,4,20-90-50,ALNS,No-Clustering,1.11
52.49,8.29,60.79,90.0,1.0,2.0,5,20-90-50,ALNS,No-Clustering,1.11
53.63,7.59,61.22,85.0,1.0,3.0,6,20-90-50,ALNS,No-Clustering,1.01
53.8,7.24,61.03,90.0,1.0,2.0,7,20-90-50,ALNS,No-Clustering,1.12
53.85,7.49,61.34,90.0,0.0,2.0,8,20-90-50,ALNS,No-Clustering,1.05
53.84,8.0,61.84,90.0,0.0,2.0,9,20-90-50,ALNS,No-Clustering,1.02
54.52,6.83,61.34,90.0,0.0,2.0,10,20-90-50,ALNS,No-Clustering,1.11
53.76,7.7,61.47,88.5,0.7,2.3,Average,20-90-50,ALNS,No-Clustering,1.07
52.91,7.25,60.16,85.0,1.0,3.0,1,20-90-50,ALNS,Complete,1.59
52.1,8.15,60.25,90.0,1.0,2.0,2,20-90-50,ALNS,Complete,1.41
53.53,6.83,60.35,90.0,1.0,2.0,3,20-90-50,ALNS,Complete,1.49
53.17,7.7,60.87,90.0,0.0,2.0,4,20-90-50,ALNS,Complete,1.55
52.52,8.04,60.56,90.0,0.0,2.0,5,20-90-50,ALNS,Complete,1.56
53.53,7.41,60.94,90.0,0.0,2.0,6,20-90-50,ALNS,Complete,1.48
52.97,6.87,59.84,90.0,1.0,2.0,7,20-90-50,ALNS,Complete,1.49
51.63,7.94,59.57,90.0,1.0,2.0,8,20-90-50,ALNS,Complete,1.57
52.98,7.17,60.15,90.0,1.0,2.0,9,20-90-50,ALNS,Complete,1.48
52.0,7.61,59.61,90.0,1.0,2.0,10,20-90-50,ALNS,Complete,1.6
52.73,7.5,60.23,89.5,0.7,2.1,Average,20-90-50,ALNS,Complete,1.51
75.46,9.88,85.33,86.67,1.0,4.0,1,30-90-50,ALNS,No-PM,2.97
75.08,10.04,85.12,86.67,2.0,4.0,2,30-90-50,ALNS,No-PM,3.06
73.79,11.3,85.09,90.0,1.0,3.0,3,30-90-50,ALNS,No-PM,3.02
75.07,10.34,85.4,90.0,0.0,3.0,4,30-90-50,ALNS,No-PM,2.82
75.87,9.47,85.35,86.67,1.0,4.0,5,30-90-50,ALNS,No-PM,2.96
75.67,9.46,85.13,86.67,1.0,4.0,6,30-90-50,ALNS,No-PM,3.12
73.64,11.66,85.3,90.0,1.0,3.0,7,30-90-50,ALNS,No-PM,3.16
73.49,11.45,84.94,86.67,1.0,4.0,8,30-90-50,ALNS,No-PM,2.97
76.52,9.65,86.17,90.0,2.0,3.0,9,30-90-50,ALNS,No-PM,2.85
73.29,11.19,84.48,86.67,2.0,4.0,10,30-90-50,ALNS,No-PM,3.16
74.79,10.44,85.23,88.0,1.2,3.6,Average,30-90-50,ALNS,No-PM,2.93
71.72,10.74,82.46,90.0,1.0,3.0,1,30-90-50,ALNS,No-Clustering,2.51
71.24,11.22,82.46,90.0,1.0,3.0,2,30-90-50,ALNS,No-Clustering,2.53
71.77,10.63,82.4,90.0,1.0,3.0,3,30-90-50,ALNS,No-Clustering,2.48
71.47,11.23,82.7,90.0,2.0,3.0,4,30-90-50,ALNS,No-Clustering,2.48
71.04,11.42,82.46,86.67,1.0,4.0,5,30-90-50,ALNS,No-Clustering,2.62
73.31,9.37,82.67,86.67,2.0,4.0,6,30-90-50,ALNS,No-Clustering,2.3
71.29,10.59,81.88,86.67,1.0,4.0,7,30-90-50,ALNS,No-Clustering,2.5
71.66,10.94,82.6,86.67,1.0,4.0,8,30-90-50,ALNS,No-Clustering,2.36
73.41,9.19,82.6,90.0,1.0,3.0,9,30-90-50,ALNS,No-Clustering,2.66
72.08,9.07,81.16,90.0,0.0,3.0,10,30-90-50,ALNS,No-Clustering,2.35
71.9,10.44,82.34,88.67,1.1,3.4,Average,30-90-50,ALNS,No-Clustering,2.48
71.18,9.39,80.57,90.0,1.0,3.0,1,30-90-50,ALNS,Complete,3.69
69.17,11.09,80.26,90.0,1.0,3.0,2,30-90-50,ALNS,Complete,3.53
69.94,9.81,79.75,90.0,1.0,3.0,3,30-90-50,ALNS,Complete,3.85
70.91,9.59,80.5,90.0,1.0,3.0,4,30-90-50,ALNS,Complete,3.57
70.6,9.18,79.78,90.0,0.0,3.0,5,30-90-50,ALNS,Complete,3.88
70.94,8.97,79.91,90.0,1.0,3.0,6,30-90-50,ALNS,Complete,3.9
71.12,9.24,80.36,90.0,0.0,3.0,7,30-90-50,ALNS,Complete,3.42
71.01,9.34,80.35,90.0,1.0,3.0,8,30-90-50,ALNS,Complete,3.34
69.15,10.77,79.93,90.0,1.0,3.0,9,30-90-50,ALNS,Complete,3.51
69.1,11.18,80.28,90.0,1.0,3.0,10,30-90-50,ALNS,Complete,3.78
70.31,9.86,80.17,90.0,0.8,3.0,Average,30-90-50,ALNS,Complete,3.62
114.22,15.95,130.18,87.5,2.0,5.0,1,40-90-50,ALNS,No-PM,5.79
112.0,16.74,128.74,85.0,3.0,6.0,2,40-90-50,ALNS,No-PM,5.55
113.38,16.37,129.74,85.0,4.0,6.0,3,40-90-50,ALNS,No-PM,6.08
114.65,15.8,130.45,87.5,2.0,5.0,4,40-90-50,ALNS,No-PM,5.94
113.08,16.12,129.2,87.5,3.0,5.0,5,40-90-50,ALNS,No-PM,5.59
113.07,17.77,130.84,87.5,2.0,5.0,6,40-90-50,ALNS,No-PM,5.68
113.15,17.34,130.49,87.5,1.0,5.0,7,40-90-50,ALNS,No-PM,6.13
114.33,14.89,129.22,85.0,3.0,6.0,8,40-90-50,ALNS,No-PM,5.71
111.93,16.63,128.56,87.5,2.0,5.0,9,40-90-50,ALNS,No-PM,5.6
113.71,16.97,130.68,87.5,2.0,5.0,10,40-90-50,ALNS,No-PM,5.43
113.35,16.46,129.81,86.75,2.4,5.3,Average,40-90-50,ALNS,No-PM,5.72
110.73,15.28,126.01,87.5,2.0,5.0,1,40-90-50,ALNS,No-Clustering,5.2
110.56,14.51,125.07,87.5,1.0,5.0,2,40-90-50,ALNS,No-Clustering,5.53
107.59,17.27,124.87,87.5,3.0,5.0,3,40-90-50,ALNS,No-Clustering,5.4
109.96,16.1,126.05,87.5,3.0,5.0,4,40-90-50,ALNS,No-Clustering,5.33
109.44,16.13,125.58,85.0,3.0,6.0,5,40-90-50,ALNS,No-Clustering,5.33
108.24,17.34,125.57,87.5,2.0,5.0,6,40-90-50,ALNS,No-Clustering,5.14
108.72,16.28,125.0,85.0,1.0,6.0,7,40-90-50,ALNS,No-Clustering,5.28
111.23,14.71,125.94,85.0,2.0,6.0,8,40-90-50,ALNS,No-Clustering,5.39
111.45,14.3,125.75,87.5,2.0,5.0,9,40-90-50,ALNS,No-Clustering,5.45
107.83,17.24,125.07,85.0,3.0,6.0,10,40-90-50,ALNS,No-Clustering,5.37
109.58,15.92,125.49,86.5,2.2,5.4,Average,40-90-50,ALNS,No-Clustering,5.16
108.59,15.03,123.62,87.5,1.0,5.0,1,40-90-50,ALNS,Complete,7.63
106.22,15.28,121.5,87.5,1.0,5.0,2,40-90-50,ALNS,Complete,7.07
108.0,13.47,121.47,85.0,3.0,6.0,3,40-90-50,ALNS,Complete,7.75
108.12,14.46,122.58,87.5,2.0,5.0,4,40-90-50,ALNS,Complete,7.04
106.09,16.62,122.71,85.0,3.0,6.0,5,40-90-50,ALNS,Complete,7.53
108.41,14.55,122.95,87.5,3.0,5.0,6,40-90-50,ALNS,Complete,6.68
107.35,16.25,123.6,87.5,2.0,5.0,7,40-90-50,ALNS,Complete,7.82
106.62,14.45,121.07,87.5,1.0,5.0,8,40-90-50,ALNS,Complete,7.18
106.85,14.27,121.12,87.5,3.0,5.0,9,40-90-50,ALNS,Complete,7.76
108.95,14.24,123.18,87.5,3.0,5.0,10,40-90-50,ALNS,Complete,6.74
107.52,14.86,122.38,87.0,2.2,5.2,Average,40-90-50,ALNS,Complete,7.25
121.44,17.17,138.61,88.0,2.0,6.0,1,50-90-50,ALNS,No-PM,9.74
119.34,18.73,138.08,88.0,3.0,6.0,2,50-90-50,ALNS,No-PM,9.1
120.62,16.29,136.91,90.0,2.0,5.0,3,50-90-50,ALNS,No-PM,9.76
118.9,19.07,137.97,88.0,3.0,6.0,4,50-90-50,ALNS,No-PM,9.9
123.54,16.08,139.62,88.0,2.0,6.0,5,50-90-50,ALNS,No-PM,9.68
119.66,19.24,138.9,90.0,2.0,5.0,6,50-90-50,ALNS,No-PM,9.61
119.73,17.5,137.23,88.0,2.0,6.0,7,50-90-50,ALNS,No-PM,8.73
122.72,16.19,138.91,90.0,2.0,5.0,8,50-90-50,ALNS,No-PM,8.82
119.11,18.78,137.89,88.0,3.0,6.0,9,50-90-50,ALNS,No-PM,9.28
119.25,17.32,136.57,88.0,1.0,6.0,10,50-90-50,ALNS,No-PM,9.04
120.43,17.64,138.07,88.6,2.2,5.7,Average,50-90-50,ALNS,No-PM,9.41
117.81,15.54,133.35,88.0,3.0,6.0,1,50-90-50,ALNS,No-Clustering,7.81
116.69,17.54,134.22,88.0,3.0,6.0,2,50-90-50,ALNS,No-Clustering,7.73
114.8,18.21,133.01,88.0,2.0,6.0,3,50-90-50,ALNS,No-Clustering,7.7
116.42,16.89,133.32,90.0,3.0,5.0,4,50-90-50,ALNS,No-Clustering,8.1
115.73,18.43,134.16,88.0,2.0,6.0,5,50-90-50,ALNS,No-Clustering,7.81
117.26,17.1,134.36,88.0,3.0,6.0,6,50-90-50,ALNS,No-Clustering,7.99
118.12,15.52,133.64,90.0,2.0,5.0,7,50-90-50,ALNS,No-Clustering,7.73
117.77,16.46,134.23,88.0,4.0,6.0,8,50-90-50,ALNS,No-Clustering,8.04
118.13,15.73,133.86,88.0,3.0,6.0,9,50-90-50,ALNS,No-Clustering,8.07
115.06,18.4,133.45,88.0,2.0,6.0,10,50-90-50,ALNS,No-Clustering,7.94
116.78,16.98,133.76,88.4,2.7,5.8,Average,50-90-50,ALNS,No-Clustering,8.29
115.48,14.58,130.06,90.0,1.0,5.0,1,50-90-50,ALNS,Complete,11.38
113.77,17.73,131.5,90.0,2.0,5.0,2,50-90-50,ALNS,Complete,11.4
111.26,17.57,128.83,88.0,2.0,6.0,3,50-90-50,ALNS,Complete,12.04
112.57,17.11,129.69,88.0,2.0,6.0,4,50-90-50,ALNS,Complete,12.78
111.2,17.81,129.0,88.0,3.0,6.0,5,50-90-50,ALNS,Complete,12.29
115.55,16.07,131.63,88.0,3.0,6.0,6,50-90-50,ALNS,Complete,12.38
114.75,16.07,130.82,88.0,3.0,6.0,7,50-90-50,ALNS,Complete,11.36
111.94,17.47,129.41,88.0,3.0,6.0,8,50-90-50,ALNS,Complete,11.91
114.97,15.88,130.85,88.0,2.0,6.0,9,50-90-50,ALNS,Complete,12.7
114.44,16.28,130.71,88.0,2.0,6.0,10,50-90-50,ALNS,Complete,12.18
113.59,16.66,130.25,88.4,2.3,5.8,Average,50-90-50,ALNS,Complete,12.04
130.64,18.65,149.29,88.33,4.0,7.0,1,60-90-50,ALNS,No-PM,13.86
130.8,19.02,149.83,90.0,3.0,6.0,2,60-90-50,ALNS,No-PM,15.26
129.33,19.45,148.77,90.0,3.0,6.0,3,60-90-50,ALNS,No-PM,13.68
132.02,17.12,149.14,90.0,1.0,6.0,4,60-90-50,ALNS,No-PM,14.11
128.12,19.98,148.1,88.33,2.0,7.0,5,60-90-50,ALNS,No-PM,14.18
130.95,17.59,148.53,90.0,1.0,6.0,6,60-90-50,ALNS,No-PM,15.74
132.06,17.4,149.46,90.0,1.0,6.0,7,60-90-50,ALNS,No-PM,15.57
129.55,19.69,149.24,88.33,4.0,7.0,8,60-90-50,ALNS,No-PM,14.29
131.4,17.48,148.88,88.33,3.0,7.0,9,60-90-50,ALNS,No-PM,14.89
131.93,16.34,148.27,90.0,3.0,6.0,10,60-90-50,ALNS,No-PM,14.89
130.68,18.27,148.95,89.33,2.5,6.4,Average,60-90-50,ALNS,No-PM,14.73
124.51,19.29,143.8,88.33,2.0,7.0,1,60-90-50,ALNS,No-Clustering,12.44
127.73,17.1,144.82,90.0,2.0,6.0,2,60-90-50,ALNS,No-Clustering,13.56
127.38,16.02,143.4,90.0,2.0,6.0,3,60-90-50,ALNS,No-Clustering,13.6
127.01,16.64,143.65,90.0,2.0,6.0,4,60-90-50,ALNS,No-Clustering,13.99
125.1,19.84,144.94,90.0,2.0,6.0,5,60-90-50,ALNS,No-Clustering,12.99
127.68,16.95,144.63,90.0,3.0,6.0,6,60-90-50,ALNS,No-Clustering,13.55
124.5,19.39,143.89,90.0,2.0,6.0,7,60-90-50,ALNS,No-Clustering,13.68
127.01,17.45,144.46,90.0,2.0,6.0,8,60-90-50,ALNS,No-Clustering,12.3
123.71,20.1,143.81,90.0,4.0,6.0,9,60-90-50,ALNS,No-Clustering,14.19
125.08,19.32,144.4,90.0,3.0,6.0,10,60-90-50,ALNS,No-Clustering,13.95
125.97,18.21,144.18,89.83,2.4,6.1,Average,60-90-50,ALNS,No-Clustering,13.18
120.53,19.52,140.05,90.0,3.0,6.0,1,60-90-50,ALNS,Complete,18.64
122.56,18.36,140.92,90.0,3.0,6.0,2,60-90-50,ALNS,Complete,19.74
122.48,17.86,140.34,90.0,2.0,6.0,3,60-90-50,ALNS,Complete,20.0
123.66,16.35,140.01,90.0,2.0,6.0,4,60-90-50,ALNS,Complete,19.56
122.75,18.73,141.49,90.0,1.0,6.0,5,60-90-50,ALNS,Complete,18.05
123.25,18.12,141.37,88.33,2.0,7.0,6,60-90-50,ALNS,Complete,19.9
123.59,16.89,140.48,90.0,4.0,6.0,7,60-90-50,ALNS,Complete,18.66
123.79,17.52,141.3,91.67,1.0,5.0,8,60-90-50,ALNS,Complete,18.44
125.96,15.7,141.66,90.0,2.0,6.0,9,60-90-50,ALNS,Complete,19.33
124.46,16.21,140.67,90.0,3.0,6.0,10,60-90-50,ALNS,Complete,20.61
123.3,17.53,140.83,90.0,2.3,6.0,Average,60-90-50,ALNS,Complete,19.18
146.57,18.83,165.4,90.0,2.0,7.0,1,70-90-50,ALNS,No-PM,22.16
141.62,22.5,164.11,88.57,2.0,8.0,2,70-90-50,ALNS,No-PM,20.23
142.75,22.16,164.91,88.57,3.0,8.0,3,70-90-50,ALNS,No-PM,21.52
145.23,19.72,164.94,88.57,4.0,8.0,4,70-90-50,ALNS,No-PM,20.79
145.46,19.64,165.1,88.57,2.0,8.0,5,70-90-50,ALNS,No-PM,20.91
140.71,20.4,161.11,91.43,2.0,6.0,6,70-90-50,ALNS,No-PM,22.61
142.69,22.62,165.31,88.57,5.0,8.0,7,70-90-50,ALNS,No-PM,21.7
142.72,22.15,164.87,90.0,3.0,7.0,8,70-90-50,ALNS,No-PM,23.2
145.62,19.25,164.87,90.0,3.0,7.0,9,70-90-50,ALNS,No-PM,20.27
146.07,18.5,164.57,88.57,5.0,8.0,10,70-90-50,ALNS,No-PM,21.19
143.94,20.58,164.52,89.28,3.1,7.5,Average,70-90-50,ALNS,No-PM,21.52
136.78,21.56,158.34,90.0,4.0,7.0,1,70-90-50,ALNS,No-Clustering,19.78
141.3,18.47,159.77,91.43,2.0,6.0,2,70-90-50,ALNS,No-Clustering,19.23
138.14,20.37,158.51,90.0,2.0,7.0,3,70-90-50,ALNS,No-Clustering,18.25
136.82,22.07,158.89,91.43,2.0,6.0,4,70-90-50,ALNS,No-Clustering,19.68
140.15,20.25,160.4,91.43,1.0,6.0,5,70-90-50,ALNS,No-Clustering,18.18
139.05,20.33,159.38,90.0,2.0,7.0,6,70-90-50,ALNS,No-Clustering,19.84
137.02,21.31,158.34,91.43,2.0,6.0,7,70-90-50,ALNS,No-Clustering,20.0
140.07,18.66,158.73,90.0,3.0,7.0,8,70-90-50,ALNS,No-Clustering,20.65
137.64,21.35,158.99,90.0,4.0,7.0,9,70-90-50,ALNS,No-Clustering,18.99
138.4,20.54,158.94,90.0,2.0,7.0,10,70-90-50,ALNS,No-Clustering,20.04
138.54,20.49,159.03,90.57,2.4,6.6,Average,70-90-50,ALNS,No-Clustering,19.41
137.82,18.86,156.68,90.0,3.0,7.0,1,70-90-50,ALNS,Complete,25.81
137.47,17.86,155.33,91.43,2.0,6.0,2,70-90-50,ALNS,Complete,25.94
136.59,17.47,154.06,90.0,4.0,7.0,3,70-90-50,ALNS,Complete,27.47
134.84,21.87,156.72,91.43,3.0,6.0,4,70-90-50,ALNS,Complete,28.2
135.85,19.18,155.03,90.0,3.0,7.0,5,70-90-50,ALNS,Complete,27.3
135.83,20.64,156.48,91.43,2.0,6.0,6,70-90-50,ALNS,Complete,26.27
137.94,18.43,156.38,90.0,2.0,7.0,7,70-90-50,ALNS,Complete,29.31
135.62,18.31,153.93,91.43,3.0,6.0,8,70-90-50,ALNS,Complete,25.63
135.15,19.94,155.09,90.0,2.0,7.0,9,70-90-50,ALNS,Complete,25.65
138.46,19.04,157.51,91.43,2.0,6.0,10,70-90-50,ALNS,Complete,26.59
136.56,19.16,155.72,90.72,2.6,6.5,Average,70-90-50,ALNS,Complete,27.68
159.64,24.6,184.23,90.0,5.0,8.0,1,80-90-50,ALNS,No-PM,28.16
158.92,25.07,183.99,88.75,3.0,9.0,2,80-90-50,ALNS,No-PM,31.02
163.39,20.44,183.83,90.0,4.0,8.0,3,80-90-50,ALNS,No-PM,30.35
157.02,25.15,182.18,90.0,3.0,8.0,4,80-90-50,ALNS,No-PM,31.44
157.03,25.25,182.28,91.25,4.0,7.0,5,80-90-50,ALNS,No-PM,27.98
160.44,24.92,185.36,90.0,2.0,8.0,6,80-90-50,ALNS,No-PM,29.67
161.42,23.98,185.4,90.0,2.0,8.0,7,80-90-50,ALNS,No-PM,30.44
158.9,25.24,184.14,90.0,3.0,8.0,8,80-90-50,ALNS,No-PM,29.68
162.75,20.41,183.16,88.75,5.0,9.0,9,80-90-50,ALNS,No-PM,30.38
160.68,22.03,182.72,90.0,4.0,8.0,10,80-90-50,ALNS,No-PM,31.52
160.02,23.71,183.73,89.88,3.5,8.1,Average,80-90-50,ALNS,No-PM,29.96
157.18,19.9,177.08,90.0,2.0,8.0,1,80-90-50,ALNS,No-Clustering,25.82
158.06,20.75,178.81,90.0,2.0,8.0,2,80-90-50,ALNS,No-Clustering,26.75
155.6,22.3,177.9,90.0,3.0,8.0,3,80-90-50,ALNS,No-Clustering,28.67
157.63,20.35,177.99,90.0,2.0,8.0,4,80-90-50,ALNS,No-Clustering,25.32
153.7,22.4,176.11,90.0,5.0,8.0,5,80-90-50,ALNS,No-Clustering,27.44
152.97,24.65,177.63,91.25,2.0,7.0,6,80-90-50,ALNS,No-Clustering,25.21
155.29,20.29,175.57,90.0,4.0,8.0,7,80-90-50,ALNS,No-Clustering,25.21
154.58,24.83,179.4,90.0,3.0,8.0,8,80-90-50,ALNS,No-Clustering,25.35
155.97,20.29,176.26,91.25,2.0,7.0,9,80-90-50,ALNS,No-Clustering,27.27
156.89,20.86,177.75,91.25,4.0,7.0,10,80-90-50,ALNS,No-Clustering,27.99
155.79,21.66,177.45,90.38,2.9,7.7,Average,80-90-50,ALNS,No-Clustering,27.19
153.28,21.75,175.02,90.0,2.0,8.0,1,80-90-50,ALNS,Complete,37.24
152.42,20.88,173.31,90.0,5.0,8.0,2,80-90-50,ALNS,Complete,36.99
149.27,23.54,172.81,90.0,3.0,8.0,3,80-90-50,ALNS,Complete,37.97
152.6,21.26,173.86,90.0,2.0,8.0,4,80-90-50,ALNS,Complete,40.44
152.61,20.82,173.43,90.0,3.0,8.0,5,80-90-50,ALNS,Complete,39.07
149.88,23.39,173.27,90.0,5.0,8.0,6,80-90-50,ALNS,Complete,35.87
150.36,22.62,172.98,91.25,3.0,7.0,7,80-90-50,ALNS,Complete,38.89
152.87,21.26,174.13,90.0,5.0,8.0,8,80-90-50,ALNS,Complete,36.34
151.86,22.74,174.6,91.25,2.0,7.0,9,80-90-50,ALNS,Complete,36.48
149.13,23.97,173.1,90.0,5.0,8.0,10,80-90-50,ALNS,Complete,41.62
151.43,22.22,173.65,90.25,3.5,7.8,Average,80-90-50,ALNS,Complete,38.59
178.72,25.98,204.7,90.0,5.0,9.0,1,90-90-50,ALNS,No-PM,40.74
177.76,27.48,205.24,90.0,4.0,9.0,2,90-90-50,ALNS,No-PM,40.23
181.77,23.39,205.15,90.0,4.0,9.0,3,90-90-50,ALNS,No-PM,40.95
177.64,25.47,203.12,90.0,2.0,9.0,4,90-90-50,ALNS,No-PM,40.29
181.86,24.46,206.32,88.89,3.0,10.0,5,90-90-50,ALNS,No-PM,40.86
176.77,28.36,205.13,91.11,3.0,8.0,6,90-90-50,ALNS,No-PM,37.67
178.29,26.35,204.64,90.0,4.0,9.0,7,90-90-50,ALNS,No-PM,40.45
176.14,27.94,204.08,91.11,2.0,8.0,8,90-90-50,ALNS,No-PM,42.64
178.94,26.1,205.04,88.89,5.0,10.0,9,90-90-50,ALNS,No-PM,42.31
179.26,25.12,204.38,90.0,5.0,9.0,10,90-90-50,ALNS,No-PM,40.78
178.71,26.06,204.78,90.0,3.7,9.0,Average,90-90-50,ALNS,No-PM,40.31
171.74,25.63,197.37,90.0,5.0,9.0,1,90-90-50,ALNS,No-Clustering,38.71
175.12,21.77,196.89,90.0,3.0,9.0,2,90-90-50,ALNS,No-Clustering,34.69
173.12,25.67,198.79,91.11,2.0,8.0,3,90-90-50,ALNS,No-Clustering,34.71
176.56,21.83,198.39,90.0,2.0,9.0,4,90-90-50,ALNS,No-Clustering,35.14
174.41,24.35,198.76,91.11,5.0,8.0,5,90-90-50,ALNS,No-Clustering,34.14
172.77,24.76,197.53,90.0,6.0,9.0,6,90-90-50,ALNS,No-Clustering,37.56
171.8,26.61,198.41,91.11,3.0,8.0,7,90-90-50,ALNS,No-Clustering,36.11
171.35,27.11,198.45,91.11,2.0,8.0,8,90-90-50,ALNS,No-Clustering,35.84
175.98,22.11,198.09,91.11,5.0,8.0,9,90-90-50,ALNS,No-Clustering,36.43
172.3,25.51,197.81,90.0,4.0,9.0,10,90-90-50,ALNS,No-Clustering,34.77
173.52,24.54,198.05,90.56,3.7,8.5,Average,90-90-50,ALNS,No-Clustering,36.85
167.6,25.7,193.3,91.11,4.0,8.0,1,90-90-50,ALNS,Complete,55.85
169.18,25.39,194.57,91.11,4.0,8.0,2,90-90-50,ALNS,Complete,53.36
169.91,24.34,194.26,91.11,3.0,8.0,3,90-90-50,ALNS,Complete,54.66
166.67,26.2,192.87,91.11,5.0,8.0,4,90-90-50,ALNS,Complete,50.71
169.48,25.3,194.78,90.0,5.0,9.0,5,90-90-50,ALNS,Complete,55.86
171.29,23.22,194.51,90.0,3.0,9.0,6,90-90-50,ALNS,Complete,53.85
167.48,25.53,193.01,90.0,3.0,9.0,7,90-90-50,ALNS,Complete,55.25
171.86,22.35,194.21,91.11,4.0,8.0,8,90-90-50,ALNS,Complete,51.94
167.86,26.3,194.17,91.11,2.0,8.0,9,90-90-50,ALNS,Complete,54.95
168.36,24.37,192.74,91.11,4.0,8.0,10,90-90-50,ALNS,Complete,52.23
168.97,24.87,193.84,90.78,3.7,8.3,Average,90-90-50,ALNS,Complete,52.14
203.17,25.54,228.72,90.0,5.0,10.0,1,100-90-50,ALNS,No-PM,50.92
202.73,26.35,229.08,90.0,3.0,10.0,2,100-90-50,ALNS,No-PM,50.49
200.41,27.97,228.38,91.0,4.0,9.0,3,100-90-50,ALNS,No-PM,53.52
198.92,28.04,226.96,89.0,5.0,11.0,4,100-90-50,ALNS,No-PM,53.46
199.04,27.74,226.78,89.0,7.0,11.0,5,100-90-50,ALNS,No-PM,56.78
198.76,29.75,228.51,91.0,3.0,9.0,6,100-90-50,ALNS,No-PM,49.84
197.66,31.62,229.28,90.0,5.0,10.0,7,100-90-50,ALNS,No-PM,52.12
196.61,30.78,227.39,90.0,3.0,10.0,8,100-90-50,ALNS,No-PM,52.68
198.81,28.95,227.77,90.0,6.0,10.0,9,100-90-50,ALNS,No-PM,50.35
198.55,28.78,227.33,90.0,4.0,10.0,10,100-90-50,ALNS,No-PM,56.51
199.47,28.55,228.02,90.0,4.5,10.0,Average,100-90-50,ALNS,No-PM,53.74
189.79,29.87,219.66,91.0,5.0,9.0,1,100-90-50,ALNS,No-Clustering,48.22
189.08,30.69,219.77,90.0,6.0,10.0,2,100-90-50,ALNS,No-Clustering,50.5
193.51,25.75,219.26,90.0,6.0,10.0,3,100-90-50,ALNS,No-Clustering,51.3
196.21,24.98,221.19,90.0,4.0,10.0,4,100-90-50,ALNS,No-Clustering,44.69
194.43,27.04,221.47,91.0,5.0,9.0,5,100-90-50,ALNS,No-Clustering,47.26
190.55,29.69,220.24,91.0,3.0,9.0,6,100-90-50,ALNS,No-Clustering,46.51
194.88,25.82,220.7,91.0,3.0,9.0,7,100-90-50,ALNS,No-Clustering,48.95
193.29,26.04,219.33,91.0,4.0,9.0,8,100-90-50,ALNS,No-Clustering,51.44
190.72,30.32,221.03,90.0,4.0,10.0,9,100-90-50,ALNS,No-Clustering,45.47
190.39,30.64,221.03,91.0,3.0,9.0,10,100-90-50,ALNS,No-Clustering,46.95
192.28,28.08,220.37,90.6,4.3,9.4,Average,100-90-50,ALNS,No-Clustering,48.52
187.87,25.94,213.81,91.0,4.0,9.0,1,100-90-50,ALNS,Complete,65.17
187.12,28.14,215.26,91.0,3.0,9.0,2,100-90-50,ALNS,Complete,68.96
185.92,28.74,214.66,90.0,5.0,10.0,3,100-90-50,ALNS,Complete,65.12
189.24,27.38,216.62,91.0,4.0,9.0,4,100-90-50,ALNS,Complete,67.97
192.73,24.11,216.84,91.0,6.0,9.0,5,100-90-50,ALNS,Complete,73.92
189.13,25.93,215.06,91.0,3.0,9.0,6,100-90-50,ALNS,Complete,67.73
186.06,29.89,215.95,91.0,5.0,9.0,7,100-90-50,ALNS,Complete,64.6
186.61,30.24,216.85,91.0,5.0,9.0,8,100-90-50,ALNS,Complete,67.18
189.08,27.96,217.05,91.0,3.0,9.0,9,100-90-50,ALNS,Complete,73.75
187.24,29.86,217.1,90.0,5.0,10.0,10,100-90-50,ALNS,Complete,72.32
188.1,27.82,215.92,90.8,4.3,9.2,Average,100-90-50,ALNS,Complete,68.92
