run_id,instance,presence_probability,presence_probability_pct,transport_cost,penalty_cost,total_cost,service_rate,adjustment_freq,penalty_freq
1,10-90-50,100,100%,35.22,0,35.22,100,0,0
2,10-90-50,100,100%,35.46,0,35.46,100,0,0
3,10-90-50,100,100%,34.88,0,34.88,100,0,0
4,10-90-50,100,100%,35.36,0,35.36,100,0,0
5,10-90-50,100,100%,35.45,0,35.45,100,0,0
6,10-90-50,100,100%,35.83,0,35.83,100,0,0
7,10-90-50,100,100%,34.99,0,34.99,100,0,0
8,10-90-50,100,100%,34.99,0,34.99,100,0,0
9,10-90-50,100,100%,35.6,0,35.6,100,0,0
10,10-90-50,100,100%,35.74,0,35.74,100,0,0
Average,10-90-50,100,100%,35.35,0,35.35,100,0,0
1,20-90-50,100,100%,50.66,0,50.66,100,0,0
2,20-90-50,100,100%,50.51,0,50.51,100,0,0
3,20-90-50,100,100%,51.02,0,51.02,100,0,0
4,20-90-50,100,100%,50.45,0,50.45,100,0,0
5,20-90-50,100,100%,50.19,0,50.19,100,0,0
6,20-90-50,100,100%,50.52,0,50.52,100,0,0
7,20-90-50,100,100%,50.34,0,50.34,100,0,0
8,20-90-50,100,100%,50.21,0,50.21,100,0,0
9,20-90-50,100,100%,50.41,0,50.41,100,0,0
10,20-90-50,100,100%,50.1,0,50.1,100,0,0
Average,20-90-50,100,100%,50.44,0,50.44,100,0,0
1,30-90-50,100,100%,67.16,0,67.16,100,0,0
2,30-90-50,100,100%,67.13,0,67.13,100,0,0
3,30-90-50,100,100%,67.21,0,67.21,100,0,0
4,30-90-50,100,100%,65.86,0,65.86,100,0,0
5,30-90-50,100,100%,67.58,0,67.58,100,0,0
6,30-90-50,100,100%,67.39,0,67.39,100,0,0
7,30-90-50,100,100%,66.92,0,66.92,100,0,0
8,30-90-50,100,100%,66.79,0,66.79,100,0,0
9,30-90-50,100,100%,67.55,0,67.55,100,0,0
10,30-90-50,100,100%,67.51,0,67.51,100,0,0
Average,30-90-50,100,100%,67.11,0,67.11,100,0,0
1,40-90-50,100,100%,102.91,0,102.91,100,0,0
2,40-90-50,100,100%,102.78,0,102.78,100,0,0
3,40-90-50,100,100%,101.71,0,101.71,100,0,0
4,40-90-50,100,100%,102.33,0,102.33,100,0,0
5,40-90-50,100,100%,102.3,0,102.3,100,0,0
6,40-90-50,100,100%,102.14,0,102.14,100,0,0
7,40-90-50,100,100%,102,0,102,100,0,0
8,40-90-50,100,100%,103.12,0,103.12,100,0,0
9,40-90-50,100,100%,102.69,0,102.69,100,0,0
10,40-90-50,100,100%,102.62,0,102.62,100,0,0
Average,40-90-50,100,100%,102.46,0,102.46,100,0,0
1,50-90-50,100,100%,108.95,0,108.95,100,0,0
2,50-90-50,100,100%,108.65,0,108.65,100,0,0
3,50-90-50,100,100%,110.9,0,110.9,100,0,0
4,50-90-50,100,100%,108.62,0,108.62,100,0,0
5,50-90-50,100,100%,108.3,0,108.3,100,0,0
6,50-90-50,100,100%,109.01,0,109.01,100,0,0
7,50-90-50,100,100%,109.7,0,109.7,100,0,0
8,50-90-50,100,100%,108.56,0,108.56,100,0,0
9,50-90-50,100,100%,108.41,0,108.41,100,0,0
10,50-90-50,100,100%,109.39,0,109.39,100,0,0
Average,50-90-50,100,100%,109.05,0,109.05,100,0,0
1,60-90-50,100,100%,118.58,0,118.58,100,0,0
2,60-90-50,100,100%,119.24,0,119.24,100,0,0
3,60-90-50,100,100%,116.89,0,116.89,100,0,0
4,60-90-50,100,100%,117.17,0,117.17,100,0,0
5,60-90-50,100,100%,117.59,0,117.59,100,0,0
6,60-90-50,100,100%,116.49,0,116.49,100,0,0
7,60-90-50,100,100%,118.24,0,118.24,100,0,0
8,60-90-50,100,100%,118.33,0,118.33,100,0,0
9,60-90-50,100,100%,117.74,0,117.74,100,0,0
10,60-90-50,100,100%,118.63,0,118.63,100,0,0
Average,60-90-50,100,100%,117.89,0,117.89,100,0,0
1,70-90-50,100,100%,130.4,0,130.4,100,0,0
2,70-90-50,100,100%,131.33,0,131.33,100,0,0
3,70-90-50,100,100%,130.81,0,130.81,100,0,0
4,70-90-50,100,100%,130.06,0,130.06,100,0,0
5,70-90-50,100,100%,131.31,0,131.31,100,0,0
6,70-90-50,100,100%,130.45,0,130.45,100,0,0
7,70-90-50,100,100%,129.92,0,129.92,100,0,0
8,70-90-50,100,100%,128.39,0,128.39,100,0,0
9,70-90-50,100,100%,130.14,0,130.14,100,0,0
10,70-90-50,100,100%,131.28,0,131.28,100,0,0
Average,70-90-50,100,100%,130.41,0,130.41,100,0,0
1,80-90-50,100,100%,146.13,0,146.13,100,0,0
2,80-90-50,100,100%,147.16,0,147.16,100,0,0
3,80-90-50,100,100%,147.51,0,147.51,100,0,0
4,80-90-50,100,100%,144.41,0,144.41,100,0,0
5,80-90-50,100,100%,144.24,0,144.24,100,0,0
6,80-90-50,100,100%,143.83,0,143.83,100,0,0
7,80-90-50,100,100%,145.33,0,145.33,100,0,0
8,80-90-50,100,100%,147.5,0,147.5,100,0,0
9,80-90-50,100,100%,143.42,0,143.42,100,0,0
10,80-90-50,100,100%,144.25,0,144.25,100,0,0
Average,80-90-50,100,100%,145.38,0,145.38,100,0,0
1,90-90-50,100,100%,162.31,0,162.31,100,0,0
2,90-90-50,100,100%,162.74,0,162.74,100,0,0
3,90-90-50,100,100%,161.49,0,161.49,100,0,0
4,90-90-50,100,100%,162.63,0,162.63,100,0,0
5,90-90-50,100,100%,163.37,0,163.37,100,0,0
6,90-90-50,100,100%,162,0,162,100,0,0
7,90-90-50,100,100%,161.4,0,161.4,100,0,0
8,90-90-50,100,100%,163.34,0,163.34,100,0,0
9,90-90-50,100,100%,161.61,0,161.61,100,0,0
10,90-90-50,100,100%,161.89,0,161.89,100,0,0
Average,90-90-50,100,100%,162.28,0,162.28,100,0,0
1,100-90-50,100,100%,181.34,0,181.34,100,0,0
2,100-90-50,100,100%,181.57,0,181.57,100,0,0
3,100-90-50,100,100%,180.54,0,180.54,100,0,0
4,100-90-50,100,100%,181.75,0,181.75,100,0,0
5,100-90-50,100,100%,180.2,0,180.2,100,0,0
6,100-90-50,100,100%,175.25,0,175.25,100,0,0
7,100-90-50,100,100%,181.74,0,181.74,100,0,0
8,100-90-50,100,100%,181.85,0,181.85,100,0,0
9,100-90-50,100,100%,181.77,0,181.77,100,0,0
10,100-90-50,100,100%,181.98,0,181.98,100,0,0
Average,100-90-50,100,100%,180.8,0,180.8,100,0,0
1,10-90-50,90,90%,38.28,3.72,42,90,0,1
2,10-90-50,90,90%,38.31,3.41,41.72,100,0,0
3,10-90-50,90,90%,38.44,4.17,42.61,100,0,0
4,10-90-50,90,90%,38.34,3.88,42.22,100,0,0
5,10-90-50,90,90%,38.56,4.17,42.74,100,0,0
6,10-90-50,90,90%,38.5,3.81,42.31,100,0,0
7,10-90-50,90,90%,38.47,3.95,42.42,90,0,1
8,10-90-50,90,90%,38.32,3.43,41.75,90,0,1
9,10-90-50,90,90%,38.55,3.25,41.8,100,0,0
10,10-90-50,90,90%,38.43,3.51,41.94,30,0,7
Average,10-90-50,90,90%,38.42,3.73,42.15,89.2,0,1
1,20-90-50,90,90%,54.42,5.53,59.96,90,0,2
2,20-90-50,90,90%,54.76,5.21,59.98,95,0,1
3,20-90-50,90,90%,56.34,5.92,62.26,95,0,1
4,20-90-50,90,90%,54.48,5.19,59.67,95,0,1
5,20-90-50,90,90%,54.94,5.42,60.36,95,0,1
6,20-90-50,90,90%,54.63,5.41,60.04,90,0,2
7,20-90-50,90,90%,54.49,5.46,59.95,95,0,1
8,20-90-50,90,90%,54.75,5.26,60,90,0,2
9,20-90-50,90,90%,54.58,5.42,59.99,90,0,2
10,20-90-50,90,90%,54.92,5.18,60.1,65,0,7
Average,20-90-50,90,90%,54.83,5.4,60.23,88.7,0,2
1,30-90-50,90,90%,72.51,7.66,80.17,93.33,1,2
2,30-90-50,90,90%,73.29,7.22,80.51,90,0,3
3,30-90-50,90,90%,73.96,7.4,81.36,90,1,3
4,30-90-50,90,90%,72.42,6.34,78.76,90,0,3
5,30-90-50,90,90%,72.5,7.26,79.76,93.33,0,2
6,30-90-50,90,90%,73.47,7.34,80.81,93.33,1,2
7,30-90-50,90,90%,73.24,6.74,79.97,93.33,1,2
8,30-90-50,90,90%,72.59,7.65,80.25,76.67,0,7
9,30-90-50,90,90%,72.78,7.61,80.38,90,0,3
10,30-90-50,90,90%,72.74,6.98,79.72,90,0,3
Average,30-90-50,90,90%,72.95,7.22,80.17,88.9,0.4,3
1,40-90-50,90,90%,110.53,11.47,122,90,1,4
2,40-90-50,90,90%,112.17,10.6,122.78,85,0,6
3,40-90-50,90,90%,111.97,11.19,123.16,92.5,1,3
4,40-90-50,90,90%,111.64,10.99,122.63,90,1,4
5,40-90-50,90,90%,111.58,10.59,122.17,90,0,4
6,40-90-50,90,90%,110.5,11,121.5,90,1,4
7,40-90-50,90,90%,112.6,10.56,123.16,92.5,0,3
8,40-90-50,90,90%,110.5,10.86,121.36,90,3,4
9,40-90-50,90,90%,112.09,11.36,123.45,90,0,4
10,40-90-50,90,90%,110.13,11.47,121.59,90,1,4
Average,40-90-50,90,90%,111.37,11.01,122.38,89.1,0.8,4
1,50-90-50,90,90%,118.97,12.19,131.16,92,0,4
2,50-90-50,90,90%,118.8,11.85,130.64,90,1,5
3,50-90-50,90,90%,119.19,11.74,130.93,92,0,4
4,50-90-50,90,90%,119.35,11.27,130.62,92,3,4
5,50-90-50,90,90%,118.04,11.67,129.71,92,1,4
6,50-90-50,90,90%,119.35,11.8,131.16,92,0,4
7,50-90-50,90,90%,118.68,11.92,130.59,92,1,4
8,50-90-50,90,90%,116.47,11.85,128.32,74,0,13
9,50-90-50,90,90%,118.15,12.12,130.27,92,1,4
10,50-90-50,90,90%,118.31,10.79,129.1,92,1,4
Average,50-90-50,90,90%,118.53,11.72,130.25,88.5,0.8,5
1,60-90-50,90,90%,128.63,12.69,141.32,90,0,6
2,60-90-50,90,90%,127.57,12.91,140.49,78.33,0,13
3,60-90-50,90,90%,128.62,12.67,141.29,91.67,1,5
4,60-90-50,90,90%,127.91,12.21,140.12,91.67,0,5
5,60-90-50,90,90%,127.01,12.5,139.5,91.67,1,5
6,60-90-50,90,90%,128.3,13.02,141.33,91.67,4,5
7,60-90-50,90,90%,127.64,13.01,140.65,91.67,0,5
8,60-90-50,90,90%,128.57,13.16,141.73,90,1,6
9,60-90-50,90,90%,128.93,12.46,141.39,91.67,0,5
10,60-90-50,90,90%,128.21,12.28,140.48,91.67,1,5
Average,60-90-50,90,90%,128.14,12.69,140.83,88.8,0.8,6
1,70-90-50,90,90%,143.76,14.16,157.92,91.43,0,6
2,70-90-50,90,90%,141.09,14.34,155.43,91.43,1,6
3,70-90-50,90,90%,140.75,13.55,154.3,91.43,0,6
4,70-90-50,90,90%,141.1,13.53,154.63,91.43,5,6
5,70-90-50,90,90%,141.81,14.1,155.91,81.43,1,13
6,70-90-50,90,90%,142.18,13.51,155.69,90,0,7
7,70-90-50,90,90%,139.76,14.39,154.15,90,0,7
8,70-90-50,90,90%,140.58,13.97,154.55,90,0,7
9,70-90-50,90,90%,143.34,14.27,157.61,91.43,1,6
10,70-90-50,90,90%,143.12,13.87,156.99,91.43,0,6
Average,70-90-50,90,90%,141.75,13.97,155.72,89,0.8,7
1,80-90-50,90,90%,156.25,15.54,171.79,90,1,8
2,80-90-50,90,90%,156.77,15.58,172.36,90,7,8
3,80-90-50,90,90%,160.33,15.24,175.57,91.25,2,7
4,80-90-50,90,90%,156.99,16.03,173.02,83.75,1,13
5,80-90-50,90,90%,157.37,15.21,172.58,90,1,8
6,80-90-50,90,90%,158.71,15.53,174.24,91.25,1,7
7,80-90-50,90,90%,158.52,15.3,173.82,91.25,2,7
8,80-90-50,90,90%,159.55,16.1,175.65,91.25,1,7
9,80-90-50,90,90%,158.36,16.11,174.47,91.25,2,7
10,80-90-50,90,90%,157.34,15.65,172.99,90,1,8
Average,80-90-50,90,90%,158.02,15.63,173.65,88.6,1.9,8
1,90-90-50,90,90%,177.25,17.33,194.58,90,1,9
2,90-90-50,90,90%,175.69,17.41,193.1,88.89,2,10
3,90-90-50,90,90%,177.26,17.7,194.96,90,1,9
4,90-90-50,90,90%,174.83,17.45,192.29,90,6,9
5,90-90-50,90,90%,175.56,17.18,192.74,91.11,2,8
6,90-90-50,90,90%,175.19,17.49,192.69,90,2,9
7,90-90-50,90,90%,177.13,17.85,194.98,91.11,2,8
8,90-90-50,90,90%,177.18,17.25,194.43,90,2,9
9,90-90-50,90,90%,176.74,17.5,194.24,90,1,9
10,90-90-50,90,90%,177.05,17.33,194.39,88.89,1,10
Average,90-90-50,90,90%,176.39,17.45,193.84,88.9,2,9
1,100-90-50,90,90%,197.38,19.66,217.03,89,2,11
2,100-90-50,90,90%,196.79,19.31,216.1,91,1,9
3,100-90-50,90,90%,195.8,19.52,215.32,91,1,9
4,100-90-50,90,90%,195.35,19.54,214.89,83,2,17
5,100-90-50,90,90%,195.11,19.45,214.57,92,2,8
6,100-90-50,90,90%,195.34,19.25,214.6,91,2,9
7,100-90-50,90,90%,197.75,19.45,217.21,91,6,9
8,100-90-50,90,90%,197.19,19.26,216.45,91,2,9
9,100-90-50,90,90%,195.46,19.21,214.66,91,1,9
10,100-90-50,90,90%,199.03,19.34,218.37,90,1,10
Average,100-90-50,90,90%,196.52,19.4,215.92,88.4,2,10
1,10-90-50,80,80%,40.57,6.74,47.31,80,0,2
2,10-90-50,80,80%,40.96,8.22,49.18,90,0,1
3,10-90-50,80,80%,40.9,8.05,48.95,80,0,2
4,10-90-50,80,80%,40.87,8.31,49.18,20,0,8
5,10-90-50,80,80%,40.46,8.43,48.89,90,0,1
6,10-90-50,80,80%,41.01,8.27,49.28,80,0,2
7,10-90-50,80,80%,40.48,8.6,49.07,90,0,1
8,10-90-50,80,80%,40.58,8.7,49.28,90,0,1
9,10-90-50,80,80%,40.74,8.28,49.02,90,0,1
10,10-90-50,80,80%,40.62,8.52,49.13,90,0,1
Average,10-90-50,80,80%,40.72,8.21,48.93,77.5,0,2
1,20-90-50,80,80%,58.33,11.96,70.29,80,0,4
2,20-90-50,80,80%,58.18,11.64,69.81,85,1,3
3,20-90-50,80,80%,58.11,12.07,70.17,80,0,4
4,20-90-50,80,80%,58.54,11.72,70.26,80,1,4
5,20-90-50,80,80%,57.84,11.93,69.77,85,0,3
6,20-90-50,80,80%,58.29,11.7,69.99,60,0,8
7,20-90-50,80,80%,58.09,12.08,70.17,85,2,3
8,20-90-50,80,80%,57.65,11.73,69.38,80,0,4
9,20-90-50,80,80%,58.13,12.04,70.18,85,1,3
10,20-90-50,80,80%,58.04,11.93,69.96,80,0,4
Average,20-90-50,80,80%,58.12,11.88,70,76.9,0.5,4
1,30-90-50,80,80%,78.07,16.02,94.09,80,0,6
2,30-90-50,80,80%,76.38,15.43,91.81,70,3,9
3,30-90-50,80,80%,76.8,16.36,93.16,80,1,6
4,30-90-50,80,80%,77.54,16.03,93.57,80,1,6
5,30-90-50,80,80%,78.02,16.28,94.31,80,1,6
6,30-90-50,80,80%,77.78,16.1,93.89,83.33,1,5
7,30-90-50,80,80%,76.65,16.05,92.7,80,0,6
8,30-90-50,80,80%,77.01,16.14,93.15,83.33,1,5
9,30-90-50,80,80%,78.3,16.07,94.37,83.33,1,5
10,30-90-50,80,80%,76.74,14.31,91.06,80,1,6
Average,30-90-50,80,80%,77.33,15.88,93.21,77.2,1,6
1,40-90-50,80,80%,118.46,24.4,142.86,82.5,2,7
2,40-90-50,80,80%,117.87,24.51,142.38,85,2,6
3,40-90-50,80,80%,119.99,24.14,144.13,85,2,6
4,40-90-50,80,80%,118.19,24.71,142.9,82.5,1,7
5,40-90-50,80,80%,117.76,24.15,141.91,85,5,6
6,40-90-50,80,80%,118.09,23.94,142.03,80,2,8
7,40-90-50,80,80%,117.99,24.67,142.66,82.5,2,7
8,40-90-50,80,80%,117.33,24.1,141.43,82.5,1,7
9,40-90-50,80,80%,117.65,23.78,141.42,80,1,8
10,40-90-50,80,80%,117.17,23.81,140.98,55,2,18
Average,40-90-50,80,80%,118.05,24.22,142.27,77.8,2,8
1,50-90-50,80,80%,125.4,26.08,151.48,80,1,10
2,50-90-50,80,80%,125.11,25.63,150.74,70,9,15
3,50-90-50,80,80%,124.85,26.13,150.98,80,1,10
4,50-90-50,80,80%,125.47,25.94,151.41,78,2,11
5,50-90-50,80,80%,125.63,25.85,151.48,84,1,8
6,50-90-50,80,80%,126.06,25.55,151.61,82,1,9
7,50-90-50,80,80%,128.09,25.96,154.05,84,1,8
8,50-90-50,80,80%,124.86,26.16,151.02,84,2,8
9,50-90-50,80,80%,125.74,24.37,150.1,78,1,11
10,50-90-50,80,80%,125.19,26.15,151.33,80,1,10
Average,50-90-50,80,80%,125.64,25.78,151.42,76.3,2,10
1,60-90-50,80,80%,135.81,27.07,162.88,73.33,1,16
2,60-90-50,80,80%,136.38,28.27,164.66,83.33,2,10
3,60-90-50,80,80%,136.36,28.19,164.55,80,2,12
4,60-90-50,80,80%,136.34,27.95,164.29,81.67,1,11
5,60-90-50,80,80%,134.86,27.72,162.58,81.67,2,11
6,60-90-50,80,80%,134.86,28.25,163.1,78.33,1,13
7,60-90-50,80,80%,136.2,28.29,164.49,80,1,12
8,60-90-50,80,80%,135.47,27.65,163.12,81.67,1,11
9,60-90-50,80,80%,135.08,28.26,163.34,80,7,12
10,60-90-50,80,80%,136.95,27.55,164.5,80,2,12
Average,60-90-50,80,80%,135.83,27.92,163.75,77,2,12
1,70-90-50,80,80%,148.68,30.9,179.58,78.57,3,15
2,70-90-50,80,80%,150.67,30.53,181.2,80,2,14
3,70-90-50,80,80%,149.96,30.76,180.72,78.57,3,15
4,70-90-50,80,80%,151.07,30.96,182.03,80,2,14
5,70-90-50,80,80%,149.79,30.93,180.72,82.86,3,12
6,70-90-50,80,80%,148.01,30.65,178.66,80,8,14
7,70-90-50,80,80%,152.44,30.98,183.42,78.57,3,15
8,70-90-50,80,80%,149.48,30.67,180.14,80,2,14
9,70-90-50,80,80%,152.4,30.53,182.93,82.86,2,12
10,70-90-50,80,80%,150.1,30.49,180.59,78.57,2,15
Average,70-90-50,80,80%,150.26,30.74,181,77.4,3,14
1,80-90-50,80,80%,165.35,34.75,200.1,81.25,2,15
2,80-90-50,80,80%,165.14,34.39,199.54,81.25,2,15
3,80-90-50,80,80%,166.14,34.63,200.77,81.25,3,15
4,80-90-50,80,80%,169.99,34.43,204.43,77.5,3,18
5,80-90-50,80,80%,168.26,33.9,202.16,78.75,2,17
6,80-90-50,80,80%,165.99,34.48,200.47,78.75,2,17
7,80-90-50,80,80%,167.24,34.4,201.64,81.25,3,15
8,80-90-50,80,80%,169.89,33.71,203.6,75,2,20
9,80-90-50,80,80%,168.41,34.67,203.07,82.5,8,14
10,80-90-50,80,80%,168.6,34.52,203.12,82.5,3,14
Average,80-90-50,80,80%,167.5,34.39,201.89,76.8,3,16
1,90-90-50,80,80%,189.13,38.44,227.57,78.89,4,19
2,90-90-50,80,80%,186.69,38.71,225.41,83.33,3,15
3,90-90-50,80,80%,186.65,38.81,225.46,81.11,3,17
4,90-90-50,80,80%,188.7,38.22,226.93,81.11,3,17
5,90-90-50,80,80%,184.99,38.02,223.01,83.33,4,15
6,90-90-50,80,80%,186.03,38.63,224.66,82.22,3,16
7,90-90-50,80,80%,187.93,38.33,226.26,80,9,18
8,90-90-50,80,80%,186.7,38.46,225.15,68.89,3,28
9,90-90-50,80,80%,187.47,37.85,225.33,78.89,4,19
10,90-90-50,80,80%,185.49,38.43,223.92,82.22,4,16
Average,90-90-50,80,80%,186.98,38.39,225.37,77.1,4,18
1,100-90-50,80,80%,210.38,42.88,253.26,78,3,22
2,100-90-50,80,80%,210.93,42.77,253.69,82,4,18
3,100-90-50,80,80%,205.29,42.1,247.4,82,4,18
4,100-90-50,80,80%,205.64,42.99,248.63,78,3,22
5,100-90-50,80,80%,210.16,40.7,250.85,78,3,22
6,100-90-50,80,80%,210.59,43.04,253.63,82,4,18
7,100-90-50,80,80%,209.99,43.15,253.14,81,3,19
8,100-90-50,80,80%,205.89,42.56,248.45,80,3,20
9,100-90-50,80,80%,206.71,43.32,250.03,80,3,20
10,100-90-50,80,80%,207.52,43.29,250.82,79,10,21
Average,100-90-50,80,80%,208.31,42.68,250.99,76.5,4,20
1,10-90-50,70,70%,43.22,13.51,56.73,70,2,3
2,10-90-50,70,70%,43.34,13.46,56.8,80,1,2
3,10-90-50,70,70%,43.43,13.91,57.34,70,1,3
4,10-90-50,70,70%,43.52,13.65,57.17,70,0,3
5,10-90-50,70,70%,43.68,13.86,57.54,50,0,5
6,10-90-50,70,70%,43.14,13.6,56.74,70,0,3
7,10-90-50,70,70%,43.14,13.75,56.89,70,0,3
8,10-90-50,70,70%,43.63,13.02,56.65,80,0,2
9,10-90-50,70,70%,43.37,12.21,55.59,70,1,3
10,10-90-50,70,70%,43.72,13.33,57.05,70,1,3
Average,10-90-50,70,70%,43.42,13.43,56.85,65.8,0.6,3
1,20-90-50,70,70%,62.42,19.01,81.43,75,1,5
2,20-90-50,70,70%,60.98,19.6,80.59,70,4,6
3,20-90-50,70,70%,61.96,19.77,81.73,35,1,13
4,20-90-50,70,70%,62.16,19.54,81.7,75,1,5
5,20-90-50,70,70%,61.87,19.28,81.15,75,1,5
6,20-90-50,70,70%,62.14,19.31,81.45,75,1,5
7,20-90-50,70,70%,61.89,19.34,81.23,75,0,5
8,20-90-50,70,70%,62.41,19.38,81.8,75,0,5
9,20-90-50,70,70%,62.14,19.61,81.75,75,0,5
10,20-90-50,70,70%,61.62,19.56,81.18,70,1,6
Average,20-90-50,70,70%,61.96,19.44,81.4,64.3,1,6
1,30-90-50,70,70%,92.43,35.47,127.9,70,2,9
2,30-90-50,70,70%,92.16,36.13,128.29,73.33,1,8
3,30-90-50,70,70%,91.5,35.6,127.1,70,6,9
4,30-90-50,70,70%,92.45,36.33,128.79,63.33,2,11
5,30-90-50,70,70%,93.04,35.8,128.83,70,1,9
6,30-90-50,70,70%,93.01,36.23,129.24,73.33,1,8
7,30-90-50,70,70%,92.5,35.68,128.18,73.33,2,8
8,30-90-50,70,70%,92.29,36.45,128.74,73.33,2,8
9,30-90-50,70,70%,92.36,36.03,128.38,66.67,1,10
10,30-90-50,70,70%,92.57,36.18,128.75,66.67,2,10
Average,30-90-50,70,70%,92.43,35.99,128.42,65.1,2,9
1,40-90-50,70,70%,125.41,39.54,164.95,75,2,10
2,40-90-50,70,70%,125.23,39.28,164.51,72.5,3,11
3,40-90-50,70,70%,125.32,39.54,164.86,70,3,12
4,40-90-50,70,70%,126.21,40.03,166.24,67.5,3,13
5,40-90-50,70,70%,128.22,39.62,167.84,75,3,10
6,40-90-50,70,70%,126.1,39.48,165.58,57.5,3,17
7,40-90-50,70,70%,125.24,39.92,165.16,72.5,7,11
8,40-90-50,70,70%,125.35,39.06,164.4,75,2,10
9,40-90-50,70,70%,125.34,39.98,165.32,67.5,2,13
10,40-90-50,70,70%,126.07,39.96,166.03,67.5,2,13
Average,40-90-50,70,70%,125.85,39.64,165.49,66.2,3,12
1,50-90-50,70,70%,134.37,41.93,176.3,72,4,14
2,50-90-50,70,70%,134.3,41.89,176.19,72,3,14
3,50-90-50,70,70%,133.98,42.27,176.25,72,3,14
4,50-90-50,70,70%,133.02,42.06,175.08,74,3,13
5,50-90-50,70,70%,134.42,42.75,177.17,74,4,13
6,50-90-50,70,70%,133.96,42.12,176.08,70,4,15
7,50-90-50,70,70%,133.07,42,175.07,58,3,21
8,50-90-50,70,70%,135.93,42.36,178.29,68,3,16
9,50-90-50,70,70%,133.11,42.49,175.59,72,9,14
10,50-90-50,70,70%,133.24,42.04,175.28,68,4,16
Average,50-90-50,70,70%,133.94,42.19,176.13,64.7,4,15
1,60-90-50,70,70%,145.29,45.65,190.94,70,3,18
2,60-90-50,70,70%,144.07,45.23,189.31,71.67,4,17
3,60-90-50,70,70%,145.31,45.03,190.33,76.67,3,14
4,60-90-50,70,70%,145.5,46.21,191.71,75,3,15
5,60-90-50,70,70%,144.81,46.37,191.19,73.33,4,16
6,60-90-50,70,70%,144.18,45.35,189.53,61.67,8,23
7,60-90-50,70,70%,144,45.89,189.89,70,4,18
8,60-90-50,70,70%,145.54,45.2,190.74,71.67,4,17
9,60-90-50,70,70%,143.81,46.06,189.87,76.67,4,14
10,60-90-50,70,70%,145.49,46.01,191.5,70,3,18
Average,60-90-50,70,70%,144.8,45.7,190.5,65.5,4,17
1,70-90-50,70,70%,158.28,51.02,209.29,72.86,5,19
2,70-90-50,70,70%,158.65,49.85,208.5,68.57,5,22
3,70-90-50,70,70%,161.98,50.58,212.56,75.71,5,17
4,70-90-50,70,70%,160.23,50.32,210.55,71.43,4,20
5,70-90-50,70,70%,159.71,50.66,210.37,71.43,5,20
6,70-90-50,70,70%,161.16,49.76,210.92,70,5,21
7,70-90-50,70,70%,161.25,50.1,211.35,72.86,4,19
8,70-90-50,70,70%,159.64,49.33,208.97,68.57,5,22
9,70-90-50,70,70%,162.05,50.5,212.54,72.86,5,19
10,70-90-50,70,70%,158.86,50.78,209.64,70,7,21
Average,70-90-50,70,70%,160.18,50.29,210.47,66,5,20
1,80-90-50,70,70%,180.07,56.05,236.12,71.25,5,23
2,80-90-50,70,70%,179.27,55.49,234.76,76.25,5,19
3,80-90-50,70,70%,180.76,56.15,236.91,72.5,4,22
4,80-90-50,70,70%,179.67,57.07,236.75,75,11,20
5,80-90-50,70,70%,180.73,55.89,236.63,62.5,7,30
6,80-90-50,70,70%,175.99,56.67,232.66,75,5,20
7,80-90-50,70,70%,180.91,55.89,236.8,71.25,6,23
8,80-90-50,70,70%,175.93,56.85,232.78,70,7,24
9,80-90-50,70,70%,176.16,56.75,232.91,76.25,5,19
10,80-90-50,70,70%,176.2,55.88,232.08,75,5,20
Average,80-90-50,70,70%,178.57,56.27,234.84,65.2,6,22
1,90-90-50,70,70%,200.66,63.3,263.96,72.22,5,25
2,90-90-50,70,70%,199.17,62.07,261.24,68.89,5,28
3,90-90-50,70,70%,196.83,63.37,260.2,72.22,15,25
4,90-90-50,70,70%,199.68,62.82,262.51,71.11,5,26
5,90-90-50,70,70%,197.42,63.73,261.15,71.11,5,26
6,90-90-50,70,70%,201.86,62.53,264.39,75.56,5,22
7,90-90-50,70,70%,201.57,63.38,264.96,74.44,5,23
8,90-90-50,70,70%,199.33,62.44,261.76,68.89,5,28
9,90-90-50,70,70%,196.92,62.1,259.02,75.56,5,22
10,90-90-50,70,70%,200.75,62.56,263.31,72.22,5,25
Average,90-90-50,70,70%,199.42,62.83,262.25,65.7,6,25
1,100-90-50,70,70%,218.18,70.52,288.7,75,6,25
2,100-90-50,70,70%,221.45,69.76,291.2,69,5,31
3,100-90-50,70,70%,223.06,69.55,292.61,72,7,28
4,100-90-50,70,70%,223.14,70.52,293.65,76,7,24
5,100-90-50,70,70%,221.47,68.68,290.15,71,6,29
6,100-90-50,70,70%,223.26,68.82,292.08,75,7,25
7,100-90-50,70,70%,222.87,68.99,291.86,74,7,26
8,100-90-50,70,70%,223.63,70.16,293.79,70,6,30
9,100-90-50,70,70%,220.8,69.82,290.62,69,12,31
10,100-90-50,70,70%,222.84,70.18,293.03,69,7,31
Average,100-90-50,70,70%,222.07,69.7,291.77,64.9,7,28
1,10-90-50,60,60%,46.68,18.32,65,70,0,3
2,10-90-50,60,60%,46.56,19.56,66.12,60,1,4
3,10-90-50,60,60%,46.39,19.64,66.02,70,1,3
4,10-90-50,60,60%,47.05,19.42,66.47,60,1,4
5,10-90-50,60,60%,47.09,19.43,66.52,10,0,9
6,10-90-50,60,60%,46.98,19.64,66.62,70,0,3
7,10-90-50,60,60%,46.52,19.46,65.98,70,2,3
8,10-90-50,60,60%,47.15,19.46,66.61,70,1,3
9,10-90-50,60,60%,47.13,19.57,66.7,60,1,4
10,10-90-50,60,60%,47.15,19.5,66.65,60,0,4
Average,10-90-50,60,60%,46.87,19.4,66.27,53.1,0.7,4
1,20-90-50,60,60%,65.95,27.71,93.66,65,2,7
2,20-90-50,60,60%,66.05,28.26,94.31,25,1,15
3,20-90-50,60,60%,67.71,27.81,95.53,65,1,7
4,20-90-50,60,60%,67.7,28.22,95.92,70,1,6
5,20-90-50,60,60%,67.28,27.84,95.12,60,1,8
6,20-90-50,60,60%,65.94,28.37,94.3,65,1,7
7,20-90-50,60,60%,67.8,27.82,95.62,55,8,9
8,20-90-50,60,60%,67.63,28.37,96,65,2,7
9,20-90-50,60,60%,66.02,27.85,93.87,65,1,7
10,20-90-50,60,60%,66.82,28.55,95.37,65,1,7
Average,20-90-50,60,60%,66.89,28.08,94.97,52.6,1.9,8
1,30-90-50,60,60%,89.3,57.66,146.95,70,2,9
2,30-90-50,60,60%,88.68,57.64,146.31,66.67,3,10
3,30-90-50,60,60%,89.29,57.9,147.19,70,2,9
4,30-90-50,60,60%,88.73,57.92,146.65,70,2,9
5,30-90-50,60,60%,89.23,57.69,146.91,66.67,7,10
6,30-90-50,60,60%,89.23,57.62,146.85,66.67,3,10
7,30-90-50,60,60%,89.48,56.75,146.23,26.67,2,22
8,30-90-50,60,60%,89.51,57.12,146.63,63.33,3,11
9,30-90-50,60,60%,86.94,57.42,144.37,70,3,9
10,30-90-50,60,60%,89.61,57.69,147.3,63.33,3,11
Average,30-90-50,60,60%,89,57.54,156.54,53.8,3,11
1,40-90-50,60,60%,137.69,57.35,195.04,60,3,16
2,40-90-50,60,60%,135.43,56.57,192,67.5,4,13
3,40-90-50,60,60%,136.46,57.85,194.31,67.5,3,13
4,40-90-50,60,60%,135.22,57.84,193.05,60,4,16
5,40-90-50,60,60%,134.01,57.39,191.4,65,8,14
6,40-90-50,60,60%,136.94,56.57,193.51,67.5,3,13
7,40-90-50,60,60%,135.92,58.06,193.98,65,4,14
8,40-90-50,60,60%,134.51,57.3,191.81,65,3,14
9,40-90-50,60,60%,135.98,56.9,192.87,42.5,4,23
10,40-90-50,60,60%,136.54,56.68,193.22,65,4,14
Average,40-90-50,60,60%,135.87,57.25,193.12,54.5,4,15
1,50-90-50,60,60%,144.79,61.33,206.12,58,4,21
2,50-90-50,60,60%,144.96,61.58,206.54,60,4,20
3,50-90-50,60,60%,146.03,60.58,206.61,60,4,20
4,50-90-50,60,60%,145.51,61.68,207.19,58,5,21
5,50-90-50,60,60%,143.45,60.87,204.32,60,9,20
6,50-90-50,60,60%,143.15,59.61,202.75,68,5,16
7,50-90-50,60,60%,145.37,60.3,205.67,64,5,18
8,50-90-50,60,60%,144.9,61.47,206.38,68,4,16
9,50-90-50,60,60%,143.2,60.62,203.82,58,5,21
10,50-90-50,60,60%,144.63,61.36,205.99,66,5,17
Average,50-90-50,60,60%,144.6,60.94,205.54,52.8,5,19
1,60-90-50,60,60%,155.47,65.51,220.98,68.33,5,19
2,60-90-50,60,60%,156.28,65.76,222.04,63.33,6,22
3,60-90-50,60,60%,156.78,66.36,223.14,58.33,5,25
4,60-90-50,60,60%,156.77,66.29,223.06,68.33,6,19
5,60-90-50,60,60%,156.43,65.88,222.31,53.33,9,28
6,60-90-50,60,60%,156.85,65.59,222.44,61.67,6,23
7,60-90-50,60,60%,156,66.2,222.2,66.67,5,20
8,60-90-50,60,60%,155.86,65.87,221.73,61.67,5,23
9,60-90-50,60,60%,155.81,66.17,221.98,63.33,7,22
10,60-90-50,60,60%,157.04,66.18,223.22,68.33,6,19
Average,60-90-50,60,60%,156.33,65.98,222.31,53.6,6,22
1,70-90-50,60,60%,175.09,72.84,247.94,60,8,28
2,70-90-50,60,60%,170.96,73.11,244.07,65.71,6,24
3,70-90-50,60,60%,173.26,71.96,245.22,60,7,28
4,70-90-50,60,60%,171.84,73.5,245.34,65.71,5,24
5,70-90-50,60,60%,172.74,72.57,245.31,65.71,11,24
6,70-90-50,60,60%,171.91,72.82,244.73,60,7,28
7,70-90-50,60,60%,172.42,73.26,245.68,62.86,6,26
8,70-90-50,60,60%,174.07,71.77,245.85,68.57,6,22
9,70-90-50,60,60%,175.46,72.27,247.73,70,8,21
10,70-90-50,60,60%,171.55,72.29,243.85,64.29,6,25
Average,70-90-50,60,60%,172.93,72.64,245.57,54.2,7,25
1,80-90-50,60,60%,192.02,80.77,272.79,62.5,8,30
2,80-90-50,60,60%,194.81,81.27,276.08,60,8,32
3,80-90-50,60,60%,194.33,81.79,276.12,61.25,8,31
4,80-90-50,60,60%,190.19,81.62,271.81,68.75,8,25
5,80-90-50,60,60%,191.1,80.38,271.48,61.25,6,31
6,80-90-50,60,60%,194.64,81.01,275.66,67.5,9,26
7,80-90-50,60,60%,195.28,81.85,277.13,62.5,7,30
8,80-90-50,60,60%,192.03,81.64,273.67,61.25,8,31
9,80-90-50,60,60%,192.3,81.53,273.83,63.75,7,29
10,80-90-50,60,60%,191.11,80.82,271.93,68.75,11,25
Average,80-90-50,60,60%,192.78,81.27,274.05,53.3,8,29
1,90-90-50,60,60%,214.11,91.37,305.48,64.44,9,32
2,90-90-50,60,60%,213.4,91.41,304.81,63.33,10,33
3,90-90-50,60,60%,216.11,91.13,307.23,63.33,8,33
4,90-90-50,60,60%,216.24,88.98,305.22,68.89,8,28
5,90-90-50,60,60%,215.63,90.8,306.43,62.22,9,34
6,90-90-50,60,60%,214.77,91.34,306.12,58.89,8,37
7,90-90-50,60,60%,214.17,90.14,304.31,66.67,9,30
8,90-90-50,60,60%,215.09,91.36,306.45,67.78,7,29
9,90-90-50,60,60%,216.73,90.7,307.44,66.67,8,30
10,90-90-50,60,60%,215.65,90.16,305.81,62.22,14,34
Average,90-90-50,60,60%,215.19,90.74,305.93,53.8,9,32
1,100-90-50,60,60%,241.02,102.25,343.27,60,10,40
2,100-90-50,60,60%,240.51,100.56,341.07,60,11,40
3,100-90-50,60,60%,238.66,101.58,340.24,60,14,40
4,100-90-50,60,60%,232.69,95.8,328.5,71,11,29
5,100-90-50,60,60%,241.48,100.56,342.04,65,11,35
6,100-90-50,60,60%,241.53,101.95,343.48,63,9,37
7,100-90-50,60,60%,241.41,102.29,343.7,60,8,40
8,100-90-50,60,60%,238.82,100.44,339.26,60,9,40
9,100-90-50,60,60%,240,101.88,341.88,62,8,38
10,100-90-50,60,60%,241.37,101.48,342.85,69,9,31
Average,100-90-50,60,60%,239.75,100.88,340.63,52.9,10,37
