experiment,instance_class,instance_name,instance_scale,analysis_mode,parameter_name,parameter_value,x_numeric,parameter_order,is_baseline,target_serviceable_count,ratio_seed,run_count,z_total_mean,z_total_std,solve_seconds_mean,solve_seconds_std,unserved_count_mean,unserved_count_std,sortie_count_mean,sortie_count_std,avg_customers_per_sortie_mean,avg_customers_per_sortie_std,drone_serviceable_count_mean,drone_serviceable_count_std,drone_served_customers_mean,drone_served_customers_std,drone_utilization_mean,drone_utilization_std,sortie_attempted_mean,sortie_attempted_std,sortie_selected_mean,sortie_selected_std,sortie_feasible_rate_mean,sortie_feasible_rate_std,z_fixed_mean,z_fixed_std,z_truck_mean,z_truck_std,z_drone_mean,z_drone_std,z_fail_expected_mean,z_fail_expected_std,z_unserved_penalty_mean,z_unserved_penalty_std,z_tw_penalty_mean,z_tw_penalty_std,z_fixed_ratio_mean,z_fixed_ratio_std,z_truck_ratio_mean,z_truck_ratio_std,z_drone_ratio_mean,z_drone_ratio_std,z_fail_expected_ratio_mean,z_fail_expected_ratio_std,z_unserved_penalty_ratio_mean,z_unserved_penalty_ratio_std,z_tw_penalty_ratio_mean,z_tw_penalty_ratio_std,online_success_rate_mean,online_success_rate_std,mc_mean_mean,mc_mean_std,mc_std_mean,mc_std_std,z_total_mean_std,solve_seconds_mean_std,unserved_count_mean_std,sortie_count_mean_std
5.3,deterministic,large_150c_9v_seed1.json,large,random_ratio,drone_serviceable_ratio,0.2,20.0,1,False,30,2043,1,1190.7763907829817,0.0,761.8627645999659,0.0,0.0,0.0,15.0,0.0,1.0666666666666667,0.0,26.0,0.0,16.0,0.0,0.6153846153846154,0.0,7184.0,0.0,23.0,0.0,0.0032015590200445434,0.0,198.0,0.0,388.32957404174226,0.0,9.820061715813736,0.0,594.6267550254256,0.0,0.0,0.0,0.0,0.0,0.16627806994880653,0.0,0.32611460644294477,0.0,0.00824677226708926,0.0,0.49936055134115936,0.0,0.0,0.0,0.0,0.0,73.33333333333333,0.0,1459.249442231081,0.0,5.2377920115268495,0.0,1190.7764+/-0.0000,761.8628+/-0.0000,0.0000+/-0.0000,15.0000+/-0.0000
5.3,deterministic,large_150c_9v_seed1.json,large,random_ratio,drone_serviceable_ratio,0.35,35.0,2,False,52,2060,1,1185.4333240448627,0.0,875.5915643000044,0.0,0.0,0.0,16.0,0.0,1.25,0.0,48.0,0.0,20.0,0.0,0.4166666666666667,0.0,19932.0,0.0,38.0,0.0,0.00190648203893237,0.0,198.0,0.0,350.22934521083243,0.0,12.706198203526734,0.0,624.4977806305037,0.0,0.0,0.0,0.0,0.0,0.16702752991994232,0.0,0.2954441537173946,0.0,0.010718610609132722,0.0,0.5268097057535305,0.0,0.0,0.0,0.0,0.0,73.33333333333333,0.0,1426.03339255869,0.0,2.1855965806958455,0.0,1185.4333+/-0.0000,875.5916+/-0.0000,0.0000+/-0.0000,16.0000+/-0.0000
5.3,deterministic,large_150c_9v_seed1.json,large,random_ratio,drone_serviceable_ratio,0.5,50.0,3,True,75,2077,1,1192.0302745155996,0.0,1045.1958651000168,0.0,0.0,0.0,20.0,0.0,1.2,0.0,68.0,0.0,24.0,0.0,0.35294117647058826,0.0,42761.0,0.0,47.0,0.0,0.0010991323869881434,0.0,198.0,0.0,338.66196382068273,0.0,14.91783550405824,0.0,640.4504751908585,0.0,0.0,0.0,0.0,0.0,0.16610316384830112,0.0,0.28410517002875907,0.0,0.012514644823194898,0.0,0.5372770212997449,0.0,0.0,0.0,0.0,0.0,73.33333333333333,0.0,1410.999732679163,0.0,2.855170732154399,0.0,1192.0303+/-0.0000,1045.1959+/-0.0000,0.0000+/-0.0000,20.0000+/-0.0000
5.3,deterministic,large_150c_9v_seed1.json,large,random_ratio,drone_serviceable_ratio,0.75,75.0,4,False,112,2094,1,1103.761570551776,0.0,2188.70231819991,0.0,0.0,0.0,26.0,0.0,1.2692307692307692,0.0,106.0,0.0,33.0,0.0,0.3113207547169811,0.0,126833.0,0.0,57.0,0.0,0.00044940985390237557,0.0,176.0,0.0,310.90235574468244,0.0,21.127937059908607,0.0,595.7312777471849,0.0,0.0,0.0,0.0,0.0,0.15945472708568456,0.0,0.2816752857134361,0.0,0.019141758169154813,0.0,0.5397282290317245,0.0,0.0,0.0,0.0,0.0,73.33333333333333,0.0,1347.2840480869036,0.0,4.4418760643714,0.0,1103.7616+/-0.0000,2188.7023+/-0.0000,0.0000+/-0.0000,26.0000+/-0.0000
5.3,deterministic,large_150c_9v_seed1.json,large,random_ratio,drone_serviceable_ratio,1.0,100.0,5,False,150,2111,1,1157.6860220908889,0.0,5142.016679600114,0.0,0.0,0.0,27.0,0.0,1.3333333333333333,0.0,139.0,0.0,36.0,0.0,0.2589928057553957,0.0,272294.0,0.0,62.0,0.0,0.00022769506489309348,0.0,198.0,0.0,335.391296680335,0.0,22.617035565824462,0.0,601.6776898447292,0.0,0.0,0.0,0.0,0.0,0.1710308289309683,0.0,0.28970834084580815,0.0,0.01953641586254621,0.0,0.5197244143606772,0.0,0.0,0.0,0.0,0.0,73.33333333333333,0.0,1394.0164865008865,0.0,4.141482505448968,0.0,1157.6860+/-0.0000,5142.0167+/-0.0000,0.0000+/-0.0000,27.0000+/-0.0000
5.3,deterministic,large_150c_9v_seed2.json,large,random_ratio,drone_serviceable_ratio,0.2,20.0,1,False,30,2043,1,1245.6292001126599,0.0,659.1604206999764,0.0,0.0,0.0,14.0,0.0,1.0,0.0,28.0,0.0,14.0,0.0,0.5,0.0,5681.0,0.0,28.0,0.0,0.004928709734201725,0.0,198.0,0.0,410.3119238607854,0.0,11.011984064550223,0.0,626.3052921873243,0.0,0.0,0.0,0.0,0.0,0.15895581123346503,0.0,0.3294013369497721,0.0,0.00884049929429581,0.0,0.5028023525224671,0.0,0.0,0.0,0.0,0.0,60.0,0.0,1948.5977706700544,0.0,6.60130481552716,0.0,1245.6292+/-0.0000,659.1604+/-0.0000,0.0000+/-0.0000,14.0000+/-0.0000
5.3,deterministic,large_150c_9v_seed2.json,large,random_ratio,drone_serviceable_ratio,0.35,35.0,2,False,52,2060,1,1247.2750624772784,0.0,733.1038601000328,0.0,0.0,0.0,18.0,0.0,1.1666666666666667,0.0,49.0,0.0,21.0,0.0,0.42857142857142855,0.0,19603.0,0.0,32.0,0.0,0.001632403203591287,0.0,198.0,0.0,386.3553303595987,0.0,14.236542100533057,0.0,648.6831900171468,0.0,0.0,0.0,0.0,0.0,0.1587460584730539,0.0,0.3097595245688935,0.0,0.011414115882552093,0.0,0.5200803010755006,0.0,0.0,0.0,0.0,0.0,60.0,0.0,1936.0655604272804,0.0,1.836579564371059,0.0,1247.2751+/-0.0000,733.1039+/-0.0000,0.0000+/-0.0000,18.0000+/-0.0000
5.3,deterministic,large_150c_9v_seed2.json,large,random_ratio,drone_serviceable_ratio,0.5,50.0,3,True,75,2077,1,1249.2795780922152,0.0,775.0278040000703,0.0,0.0,0.0,21.0,0.0,1.1428571428571428,0.0,69.0,0.0,24.0,0.0,0.34782608695652173,0.0,54890.0,0.0,42.0,0.0,0.0007651666970304244,0.0,198.0,0.0,364.20261181288356,0.0,16.678825629491094,0.0,670.3981406498403,0.0,0.0,0.0,0.0,0.0,0.1584913445094231,0.0,0.29153010919225963,0.0,0.013350755044728628,0.0,0.5366277912535885,0.0,0.0,0.0,0.0,0.0,60.0,0.0,1902.2353362711456,0.0,7.101650561347338,0.0,1249.2796+/-0.0000,775.0278+/-0.0000,0.0000+/-0.0000,21.0000+/-0.0000
5.3,deterministic,large_150c_9v_seed2.json,large,random_ratio,drone_serviceable_ratio,0.75,75.0,4,False,112,2094,1,1194.516884666804,0.0,1019.8531887000427,0.0,0.0,0.0,15.0,0.0,1.1333333333333333,0.0,105.0,0.0,17.0,0.0,0.1619047619047619,0.0,128083.0,0.0,51.0,0.0,0.00039817930560652075,0.0,198.0,0.0,381.0169831114629,0.0,12.3515995155351,0.0,603.148302039806,0.0,0.0,0.0,0.0,0.0,0.16575738906799103,0.0,0.3189716177329239,0.0,0.01034024690155839,0.0,0.5049307462975268,0.0,0.0,0.0,0.0,0.0,60.0,0.0,1913.8405654789676,0.0,3.8626401159844233,0.0,1194.5169+/-0.0000,1019.8532+/-0.0000,0.0000+/-0.0000,15.0000+/-0.0000
5.3,deterministic,large_150c_9v_seed2.json,large,random_ratio,drone_serviceable_ratio,1.0,100.0,5,False,150,2111,1,1222.971971239856,0.0,1727.6889623000752,0.0,0.0,0.0,22.0,0.0,1.0909090909090908,0.0,139.0,0.0,24.0,0.0,0.17266187050359713,0.0,313104.0,0.0,53.0,0.0,0.00016927282947519034,0.0,198.0,0.0,344.8981830657149,0.0,15.766535937868014,0.0,664.3072522362733,0.0,0.0,0.0,0.0,0.0,0.1619006850985035,0.0,0.2820164248867087,0.0,0.012891984696823271,0.0,0.5431909053179647,0.0,0.0,0.0,0.0,0.0,60.0,0.0,1883.0631376496058,0.0,3.6458151550015376,0.0,1222.9720+/-0.0000,1727.6890+/-0.0000,0.0000+/-0.0000,22.0000+/-0.0000
5.3,deterministic,large_150c_9v_seed3.json,large,random_ratio,drone_serviceable_ratio,0.2,20.0,1,False,30,2043,1,1224.1522278784055,0.0,710.0865262998268,0.0,0.0,0.0,13.0,0.0,1.1538461538461537,0.0,29.0,0.0,15.0,0.0,0.5172413793103449,0.0,5064.0,0.0,20.0,0.0,0.0039494470774091624,0.0,198.0,0.0,376.11163723049737,0.0,11.39923769615506,0.0,638.6413529517531,0.0,0.0,0.0,0.0,0.0,0.1617445898400695,0.0,0.3072425378683021,0.0,0.009311944574010399,0.0,0.521700927717618,0.0,0.0,0.0,0.0,0.0,74.0,0.0,1358.607374408879,0.0,2.804383098037592,0.0,1224.1522+/-0.0000,710.0865+/-0.0000,0.0000+/-0.0000,13.0000+/-0.0000
5.3,deterministic,large_150c_9v_seed3.json,large,random_ratio,drone_serviceable_ratio,0.35,35.0,2,False,52,2060,1,1199.7125624912148,0.0,730.4930054999422,0.0,0.0,0.0,18.0,0.0,1.0555555555555556,0.0,48.0,0.0,19.0,0.0,0.3958333333333333,0.0,12693.0,0.0,28.0,0.0,0.002205940282045222,0.0,176.0,0.0,367.9084581574193,0.0,14.007899933410554,0.0,641.796204400385,0.0,0.0,0.0,0.0,0.0,0.1467018063347893,0.0,0.3066638373723901,0.0,0.011676046722660812,0.0,0.5349583095701598,0.0,0.0,0.0,0.0,0.0,74.0,0.0,1330.2675285968223,0.0,9.571288745933227,0.0,1199.7126+/-0.0000,730.4930+/-0.0000,0.0000+/-0.0000,18.0000+/-0.0000
5.3,deterministic,large_150c_9v_seed3.json,large,random_ratio,drone_serviceable_ratio,0.5,50.0,3,True,75,2077,1,1220.5741149684002,0.0,925.5797824999318,0.0,0.0,0.0,19.0,0.0,1.3157894736842106,0.0,72.0,0.0,25.0,0.0,0.3472222222222222,0.0,35276.0,0.0,37.0,0.0,0.0010488717541671392,0.0,198.0,0.0,358.5263584211208,0.0,14.450613470040532,0.0,649.5971430772389,0.0,0.0,0.0,0.0,0.0,0.16221874409087078,0.0,0.293735836295695,0.0,0.011839193780063612,0.0,0.5322062258333706,0.0,0.0,0.0,0.0,0.0,74.0,0.0,1342.386531661262,0.0,10.303912157061855,0.0,1220.5741+/-0.0000,925.5798+/-0.0000,0.0000+/-0.0000,19.0000+/-0.0000
5.3,deterministic,large_150c_9v_seed3.json,large,random_ratio,drone_serviceable_ratio,0.75,75.0,4,False,112,2094,1,1205.4891868776772,0.0,1211.5756260000635,0.0,0.0,0.0,25.0,0.0,1.4,0.0,100.0,0.0,35.0,0.0,0.35,0.0,67837.0,0.0,43.0,0.0,0.0006338723705352536,0.0,176.0,0.0,345.9761211054563,0.0,21.138641087855646,0.0,662.3744246843653,0.0,0.0,0.0,0.0,0.0,0.1459988209897224,0.0,0.2870006009772388,0.0,0.017535322023589928,0.0,0.549465256009449,0.0,0.0,0.0,0.0,0.0,74.0,0.0,1319.569431759173,0.0,8.352896915305598,0.0,1205.4892+/-0.0000,1211.5756+/-0.0000,0.0000+/-0.0000,25.0000+/-0.0000
5.3,deterministic,large_150c_9v_seed3.json,large,random_ratio,drone_serviceable_ratio,1.0,100.0,5,False,150,2111,1,1203.5716618123488,0.0,2204.1832014000975,0.0,0.0,0.0,26.0,0.0,1.3076923076923077,0.0,136.0,0.0,34.0,0.0,0.25,0.0,160158.0,0.0,57.0,0.0,0.00035589855018169556,0.0,176.0,0.0,299.03382586330156,0.0,22.228745488371143,0.0,706.309090460676,0.0,0.0,0.0,0.0,0.0,0.14623142566764796,0.0,0.24845535612978276,0.0,0.018468983770271646,0.0,0.5868442344322976,0.0,0.0,0.0,0.0,0.0,74.0,0.0,1268.4147664640125,0.0,3.859835510956121,0.0,1203.5717+/-0.0000,2204.1832+/-0.0000,0.0000+/-0.0000,26.0000+/-0.0000
5.3,deterministic,medium_60c_4v_seed1.json,medium,random_ratio,drone_serviceable_ratio,0.2,20.0,1,False,12,2043,1,316.2954530990661,0.0,215.88973330007866,0.0,0.0,0.0,7.0,0.0,1.0,0.0,12.0,0.0,7.0,0.0,0.5833333333333334,0.0,2149.0,0.0,5.0,0.0,0.002326663564448581,0.0,66.0,0.0,112.85614671325925,0.0,5.064198494608376,0.0,132.3751078911985,0.0,0.0,0.0,0.0,0.0,0.2086656616569455,0.0,0.3568060988784175,0.0,0.016010974691508546,0.0,0.4185172647731285,0.0,0.0,0.0,0.0,0.0,75.0,0.0,398.3499916847589,0.0,1.994260462270293,0.0,316.2955+/-0.0000,215.8897+/-0.0000,0.0000+/-0.0000,7.0000+/-0.0000
5.3,deterministic,medium_60c_4v_seed1.json,medium,random_ratio,drone_serviceable_ratio,0.35,35.0,2,False,21,2060,1,315.80115796640007,0.0,191.2831007000059,0.0,0.0,0.0,5.0,0.0,1.2,0.0,20.0,0.0,6.0,0.0,0.3,0.0,4313.0,0.0,10.0,0.0,0.002318571759795966,0.0,88.0,0.0,113.05059010872839,0.0,4.212216268326408,0.0,110.53835158934524,0.0,0.0,0.0,0.0,0.0,0.2786563563182464,0.0,0.3579802899923391,0.0,0.013338191333594067,0.0,0.3500251623558203,0.0,0.0,0.0,0.0,0.0,75.0,0.0,419.35139656247065,0.0,1.576788770545612,0.0,315.8012+/-0.0000,191.2831+/-0.0000,0.0000+/-0.0000,5.0000+/-0.0000
5.3,deterministic,medium_60c_4v_seed1.json,medium,random_ratio,drone_serviceable_ratio,0.5,50.0,3,True,30,2077,1,307.53757324673734,0.0,366.67502800002694,0.0,0.0,0.0,7.0,0.0,1.1428571428571428,0.0,30.0,0.0,8.0,0.0,0.26666666666666666,0.0,21427.0,0.0,9.0,0.0,0.00042003080225883234,0.0,66.0,0.0,89.18672761158248,0.0,4.7607049916949125,0.0,147.59014064345993,0.0,0.0,0.0,0.0,0.0,0.2146079235236997,0.0,0.29000270331205347,0.0,0.015480075951159957,0.0,0.47990929721308684,0.0,0.0,0.0,0.0,0.0,75.0,0.0,377.4257041373812,0.0,1.5046798207676997,0.0,307.5376+/-0.0000,366.6750+/-0.0000,0.0000+/-0.0000,7.0000+/-0.0000
5.3,deterministic,medium_60c_4v_seed1.json,medium,random_ratio,drone_serviceable_ratio,0.75,75.0,4,False,45,2094,1,322.13867339113943,0.0,713.6418463999871,0.0,0.0,0.0,8.0,0.0,1.125,0.0,43.0,0.0,9.0,0.0,0.20930232558139536,0.0,47951.0,0.0,15.0,0.0,0.0003128193364059144,0.0,88.0,0.0,109.67251243653719,0.0,5.641571321454182,0.0,118.82458963314805,0.0,0.0,0.0,0.0,0.0,0.2731742794915864,0.0,0.34045124505548974,0.0,0.017512865692484583,0.0,0.3688616097604392,0.0,0.0,0.0,0.0,0.0,75.0,0.0,415.0625522726259,0.0,1.194387323773995,0.0,322.1387+/-0.0000,713.6418+/-0.0000,0.0000+/-0.0000,8.0000+/-0.0000
5.3,deterministic,medium_60c_4v_seed1.json,medium,random_ratio,drone_serviceable_ratio,1.0,100.0,5,False,60,2111,1,311.3601029956373,0.0,1176.1096026999876,0.0,0.0,0.0,6.0,0.0,1.5,0.0,57.0,0.0,9.0,0.0,0.15789473684210525,0.0,80462.0,0.0,18.0,0.0,0.00022370808580447914,0.0,66.0,0.0,109.26730466428779,0.0,6.152549564778203,0.0,129.9402487665713,0.0,0.0,0.0,0.0,0.0,0.21197320840083603,0.0,0.35093547186364726,0.0,0.019760237440775805,0.0,0.41733108229474086,0.0,0.0,0.0,0.0,0.0,75.0,0.0,392.0048066091416,0.0,1.2542157482751337,0.0,311.3601+/-0.0000,1176.1096+/-0.0000,0.0000+/-0.0000,6.0000+/-0.0000
5.3,deterministic,medium_60c_4v_seed2.json,medium,random_ratio,drone_serviceable_ratio,0.2,20.0,1,False,12,2043,1,319.9872838113357,0.0,293.600692700129,0.0,0.0,0.0,4.0,0.0,1.5,0.0,11.0,0.0,6.0,0.0,0.5454545454545454,0.0,1046.0,0.0,5.0,0.0,0.004780114722753346,0.0,66.0,0.0,97.68940243657086,0.0,4.043470947603279,0.0,152.25441042716162,0.0,0.0,0.0,0.0,0.0,0.2062581963066806,0.0,0.3052915143158266,0.0,0.012636348855622983,0.0,0.47581394052187,0.0,0.0,0.0,0.0,0.0,76.66666666666667,0.0,360.49348190195525,0.0,0.5531976611849772,0.0,319.9873+/-0.0000,293.6007+/-0.0000,0.0000+/-0.0000,4.0000+/-0.0000
5.3,deterministic,medium_60c_4v_seed2.json,medium,random_ratio,drone_serviceable_ratio,0.35,35.0,2,False,21,2060,1,322.4049059664011,0.0,359.140147899976,0.0,0.0,0.0,8.0,0.0,1.0,0.0,20.0,0.0,8.0,0.0,0.4,0.0,3634.0,0.0,12.0,0.0,0.003302146395156852,0.0,66.0,0.0,90.04186120281572,0.0,5.951140422915642,0.0,160.41190434066976,0.0,0.0,0.0,0.0,0.0,0.20471152509967724,0.0,0.2792819201460889,0.0,0.01845859139480908,0.0,0.4975479633594249,0.0,0.0,0.0,0.0,0.0,76.66666666666667,0.0,358.6423113804884,0.0,1.5628314759658546,0.0,322.4049+/-0.0000,359.1401+/-0.0000,0.0000+/-0.0000,8.0000+/-0.0000
5.3,deterministic,medium_60c_4v_seed2.json,medium,random_ratio,drone_serviceable_ratio,0.5,50.0,3,True,30,2077,1,329.0124683224981,0.0,444.4124531999696,0.0,0.0,0.0,8.0,0.0,1.125,0.0,27.0,0.0,9.0,0.0,0.3333333333333333,0.0,9836.0,0.0,12.0,0.0,0.0012200081333875558,0.0,88.0,0.0,97.1094316156494,0.0,7.370812013711231,0.0,136.53222469313744,0.0,0.0,0.0,0.0,0.0,0.2674670672776522,0.0,0.29515425999133477,0.0,0.0224028349177526,0.0,0.4149758378132604,0.0,0.0,0.0,0.0,0.0,76.66666666666667,0.0,384.5776088599827,0.0,2.361815202607387,0.0,329.0125+/-0.0000,444.4125+/-0.0000,0.0000+/-0.0000,8.0000+/-0.0000
5.3,deterministic,medium_60c_4v_seed2.json,medium,random_ratio,drone_serviceable_ratio,0.75,75.0,4,False,45,2094,1,312.0319431310293,0.0,1049.1781866000965,0.0,0.0,0.0,9.0,0.0,1.2222222222222223,0.0,41.0,0.0,11.0,0.0,0.2682926829268293,0.0,24262.0,0.0,18.0,0.0,0.0007419009150111285,0.0,66.0,0.0,91.02625344878508,0.0,6.308853861751163,0.0,148.69683582049305,0.0,0.0,0.0,0.0,0.0,0.21151680606073428,0.0,0.29172094541154425,0.0,0.02021861543547781,0.0,0.47654363309224357,0.0,0.0,0.0,0.0,0.0,76.66666666666667,0.0,353.725644536382,0.0,4.431509229847136,0.0,312.0319+/-0.0000,1049.1782+/-0.0000,0.0000+/-0.0000,9.0000+/-0.0000
5.3,deterministic,medium_60c_4v_seed2.json,medium,random_ratio,drone_serviceable_ratio,1.0,100.0,5,False,60,2111,1,326.4314376236389,0.0,2038.1983813999686,0.0,0.0,0.0,9.0,0.0,1.2222222222222223,0.0,56.0,0.0,11.0,0.0,0.19642857142857142,0.0,60869.0,0.0,21.0,0.0,0.0003450032036011763,0.0,66.0,0.0,104.67768082786075,0.0,6.742161951743591,0.0,149.01159484403453,0.0,0.0,0.0,0.0,0.0,0.20218640851649558,0.0,0.3206727930063817,0.0,0.020654144100903073,0.0,0.4564866543762196,0.0,0.0,0.0,0.0,0.0,76.66666666666667,0.0,369.5250305109887,0.0,0.4505034677411552,0.0,326.4314+/-0.0000,2038.1984+/-0.0000,0.0000+/-0.0000,9.0000+/-0.0000
5.3,deterministic,medium_60c_4v_seed3.json,medium,random_ratio,drone_serviceable_ratio,0.2,20.0,1,False,12,2043,1,290.2119466645114,0.0,206.75773270009086,0.0,0.0,0.0,4.0,0.0,1.0,0.0,12.0,0.0,4.0,0.0,0.3333333333333333,0.0,1411.0,0.0,9.0,0.0,0.0063784549964564135,0.0,66.0,0.0,83.21185636838767,0.0,2.401684029955542,0.0,138.5984062661682,0.0,0.0,0.0,0.0,0.0,0.22741999686283354,0.0,0.2867278805189285,0.0,0.008275620826636467,0.0,0.4775765017916016,0.0,0.0,0.0,0.0,0.0,70.0,0.0,365.250231215474,0.0,3.7402389009375265,0.0,290.2119+/-0.0000,206.7577+/-0.0000,0.0000+/-0.0000,4.0000+/-0.0000
5.3,deterministic,medium_60c_4v_seed3.json,medium,random_ratio,drone_serviceable_ratio,0.35,35.0,2,False,21,2060,1,288.7028532494936,0.0,201.92595960013568,0.0,0.0,0.0,6.0,0.0,1.0,0.0,20.0,0.0,6.0,0.0,0.3,0.0,5952.0,0.0,12.0,0.0,0.0020161290322580645,0.0,66.0,0.0,87.6609889553256,0.0,3.9836610332750184,0.0,131.058203260893,0.0,0.0,0.0,0.0,0.0,0.2286087555323313,0.0,0.30363741808803674,0.0,0.013798481686055197,0.0,0.45395534469357685,0.0,0.0,0.0,0.0,0.0,70.0,0.0,369.29982436054615,0.0,1.856651120082807,0.0,288.7029+/-0.0000,201.9260+/-0.0000,0.0000+/-0.0000,6.0000+/-0.0000
5.3,deterministic,medium_60c_4v_seed3.json,medium,random_ratio,drone_serviceable_ratio,0.5,50.0,3,True,30,2077,1,289.384462928176,0.0,330.5305765999947,0.0,0.0,0.0,13.0,0.0,1.1538461538461537,0.0,29.0,0.0,15.0,0.0,0.5172413793103449,0.0,12518.0,0.0,17.0,0.0,0.001358044416040901,0.0,88.0,0.0,69.8173455505132,0.0,9.869301888954082,0.0,121.6978154887087,0.0,0.0,0.0,0.0,0.0,0.30409372745709995,0.0,0.24126155510927194,0.0,0.03410446362285732,0.0,0.4205402538107707,0.0,0.0,0.0,0.0,0.0,70.0,0.0,377.25414659078285,0.0,1.0496130269209787,0.0,289.3845+/-0.0000,330.5306+/-0.0000,0.0000+/-0.0000,13.0000+/-0.0000
5.3,deterministic,medium_60c_4v_seed3.json,medium,random_ratio,drone_serviceable_ratio,0.75,75.0,4,False,45,2094,1,292.02823022301436,0.0,629.7399505001958,0.0,0.0,0.0,9.0,0.0,1.2222222222222223,0.0,45.0,0.0,11.0,0.0,0.24444444444444444,0.0,28098.0,0.0,23.0,0.0,0.0008185635988326571,0.0,88.0,0.0,73.74772893876873,0.0,6.597479085278217,0.0,123.68302219896744,0.0,0.0,0.0,0.0,0.0,0.3013407297397128,0.0,0.2525363006256262,0.0,0.02259192229545717,0.0,0.42353104733920394,0.0,0.0,0.0,0.0,0.0,70.0,0.0,378.0786279272831,0.0,0.90392502282031,0.0,292.0282+/-0.0000,629.7400+/-0.0000,0.0000+/-0.0000,9.0000+/-0.0000
5.3,deterministic,medium_60c_4v_seed3.json,medium,random_ratio,drone_serviceable_ratio,1.0,100.0,5,False,60,2111,1,275.25904424008144,0.0,1393.4853217001073,0.0,0.0,0.0,10.0,0.0,1.2,0.0,59.0,0.0,12.0,0.0,0.2033898305084746,0.0,73722.0,0.0,25.0,0.0,0.00033911179837768917,0.0,66.0,0.0,74.07359506789409,0.0,7.272747871692402,0.0,127.91270130049499,0.0,0.0,0.0,0.0,0.0,0.23977413778431447,0.0,0.2691050362119508,0.0,0.026421467428147785,0.0,0.4646993585755871,0.0,0.0,0.0,0.0,0.0,70.0,0.0,359.4776777075088,0.0,2.6296572888496947,0.0,275.2590+/-0.0000,1393.4853+/-0.0000,0.0000+/-0.0000,10.0000+/-0.0000
5.3,deterministic,small_15c_1v_seed1.json,small,random_ratio,drone_serviceable_ratio,0.2,20.0,1,False,3,2043,1,59.30929423770266,0.0,26.728667499963194,0.0,0.0,0.0,1.0,0.0,2.0,0.0,3.0,0.0,2.0,0.0,0.6666666666666666,0.0,482.0,0.0,2.0,0.0,0.004149377593360996,0.0,22.0,0.0,20.454309750692488,0.0,1.1129914879223946,0.0,15.741992999087778,0.0,0.0,0.0,0.0,0.0,0.3709368031227506,0.0,0.34487528495474445,0.0,0.018765886565125754,0.0,0.2654220253573792,0.0,0.0,0.0,0.0,0.0,73.33333333333333,0.0,67.15579311657231,0.0,0.0,0.0,59.3093+/-0.0000,26.7287+/-0.0000,0.0000+/-0.0000,1.0000+/-0.0000
5.3,deterministic,small_15c_1v_seed1.json,small,random_ratio,drone_serviceable_ratio,0.35,35.0,2,False,5,2060,1,58.50663076846447,0.0,28.763967599952593,0.0,0.0,0.0,3.0,0.0,1.0,0.0,5.0,0.0,3.0,0.0,0.6,0.0,1038.0,0.0,4.0,0.0,0.0038535645472061657,0.0,22.0,0.0,13.571694213369536,0.0,2.190278266719161,0.0,20.744658288375767,0.0,0.0,0.0,0.0,0.0,0.376025754876628,0.0,0.23196848006986562,0.0,0.03743641084695204,0.0,0.35456935420655433,0.0,0.0,0.0,0.0,0.0,73.33333333333333,0.0,61.436946630661396,0.0,0.1623426432191905,0.0,58.5066+/-0.0000,28.7640+/-0.0000,0.0000+/-0.0000,3.0000+/-0.0000
5.3,deterministic,small_15c_1v_seed1.json,small,random_ratio,drone_serviceable_ratio,0.5,50.0,3,True,8,2077,1,55.73682184246728,0.0,40.72770899999887,0.0,0.0,0.0,3.0,0.0,1.3333333333333333,0.0,8.0,0.0,4.0,0.0,0.5,0.0,2310.0,0.0,6.0,0.0,0.0025974025974025974,0.0,22.0,0.0,13.356501951932199,0.0,2.5160867789833286,0.0,17.864233111551744,0.0,0.0,0.0,0.0,0.0,0.39471213594094184,0.0,0.23963515518847803,0.0,0.04514227212478518,0.0,0.3205104367457948,0.0,0.0,0.0,0.0,0.0,73.33333333333333,0.0,60.99959519767209,0.0,7.105427357601002e-15,0.0,55.7368+/-0.0000,40.7277+/-0.0000,0.0000+/-0.0000,3.0000+/-0.0000
5.3,deterministic,small_15c_1v_seed1.json,small,random_ratio,drone_serviceable_ratio,0.75,75.0,4,False,11,2094,1,57.75333136580255,0.0,57.36701799998991,0.0,0.0,0.0,3.0,0.0,1.3333333333333333,0.0,11.0,0.0,4.0,0.0,0.36363636363636365,0.0,4398.0,0.0,4.0,0.0,0.0009095043201455207,0.0,22.0,0.0,14.20909369491024,0.0,2.4208465479523373,0.0,19.12339112293998,0.0,0.0,0.0,0.0,0.0,0.380930406605546,0.0,0.246030719940839,0.0,0.04191700272005074,0.0,0.33112187073356436,0.0,0.0,0.0,0.0,0.0,73.33333333333333,0.0,62.09502095506345,0.0,0.3128434304690645,0.0,57.7533+/-0.0000,57.3670+/-0.0000,0.0000+/-0.0000,3.0000+/-0.0000
5.3,deterministic,small_15c_1v_seed1.json,small,random_ratio,drone_serviceable_ratio,1.0,100.0,5,False,15,2111,1,56.26215705960893,0.0,134.6342430000659,0.0,0.0,0.0,5.0,0.0,1.0,0.0,15.0,0.0,5.0,0.0,0.3333333333333333,0.0,9646.0,0.0,6.0,0.0,0.0006220194899440182,0.0,22.0,0.0,11.495868733880044,0.0,3.0638732061284526,0.0,19.70241511960043,0.0,0.0,0.0,0.0,0.0,0.3910266002899839,0.0,0.2043268394722289,0.0,0.05445708743236282,0.0,0.3501894728054243,0.0,0.0,0.0,0.0,0.0,73.33333333333333,0.0,59.75492747024314,0.0,0.02848737228010905,0.0,56.2622+/-0.0000,134.6342+/-0.0000,0.0000+/-0.0000,5.0000+/-0.0000
5.3,deterministic,small_15c_1v_seed2.json,small,random_ratio,drone_serviceable_ratio,0.2,20.0,1,False,3,2043,1,74.42310254779927,0.0,25.73024329985492,0.0,0.0,0.0,1.0,0.0,1.0,0.0,2.0,0.0,1.0,0.0,0.5,0.0,198.0,0.0,0.0,0.0,0.0,0.0,22.0,0.0,24.799372175624857,0.0,0.4457922371534527,0.0,27.17793813502097,0.0,0.0,0.0,0.0,0.0,0.295607133361179,0.0,0.33322142354515677,0.0,0.005989971149981774,0.0,0.36518147194368256,0.0,0.0,0.0,0.0,0.0,53.333333333333336,0.0,102.78890130644015,0.0,0.0035119313388487505,0.0,74.4231+/-0.0000,25.7302+/-0.0000,0.0000+/-0.0000,1.0000+/-0.0000
5.3,deterministic,small_15c_1v_seed2.json,small,random_ratio,drone_serviceable_ratio,0.35,35.0,2,False,5,2060,1,72.88200559005806,0.0,28.336658399784938,0.0,0.0,0.0,2.0,0.0,1.5,0.0,5.0,0.0,3.0,0.0,0.6,0.0,742.0,0.0,2.0,0.0,0.0026954177897574125,0.0,22.0,0.0,22.440479320493875,0.0,1.7335127823096692,0.0,26.70801348725451,0.0,0.0,0.0,0.0,0.0,0.30185777438321554,0.0,0.30790150653531156,0.0,0.023785195924220563,0.0,0.36645552315725227,0.0,0.0,0.0,0.0,0.0,53.333333333333336,0.0,101.32377117423118,0.0,0.0,0.0,72.8820+/-0.0000,28.3367+/-0.0000,0.0000+/-0.0000,2.0000+/-0.0000
5.3,deterministic,small_15c_1v_seed2.json,small,random_ratio,drone_serviceable_ratio,0.5,50.0,3,True,8,2077,1,73.23649007679475,0.0,29.572194600012153,0.0,0.0,0.0,2.0,0.0,1.0,0.0,7.0,0.0,2.0,0.0,0.2857142857142857,0.0,768.0,0.0,4.0,0.0,0.005208333333333333,0.0,22.0,0.0,21.187184341198865,0.0,1.3066618951610647,0.0,28.74264384043483,0.0,0.0,0.0,0.0,0.0,0.30039670083767134,0.0,0.28929819436980503,0.0,0.017841678291667412,0.0,0.3924634265008563,0.0,0.0,0.0,0.0,0.0,53.333333333333336,0.0,99.3719593512715,0.0,0.8531329826374207,0.0,73.2365+/-0.0000,29.5722+/-0.0000,0.0000+/-0.0000,2.0000+/-0.0000
5.3,deterministic,small_15c_1v_seed2.json,small,random_ratio,drone_serviceable_ratio,0.75,75.0,4,False,11,2094,1,73.05161592844425,0.0,44.798668399918824,0.0,0.0,0.0,2.0,0.0,1.0,0.0,10.0,0.0,2.0,0.0,0.2,0.0,3054.0,0.0,4.0,0.0,0.0013097576948264572,0.0,22.0,0.0,23.186567426099206,0.0,1.2415963334875186,0.0,26.623452168857522,0.0,0.0,0.0,0.0,0.0,0.3011569247359225,0.0,0.31739978823755227,0.0,0.01699615152529536,0.0,0.36444713550122987,0.0,0.0,0.0,0.0,0.0,53.333333333333336,0.0,101.36752854622848,0.0,0.1603621332385132,0.0,73.0516+/-0.0000,44.7987+/-0.0000,0.0000+/-0.0000,2.0000+/-0.0000
5.3,deterministic,small_15c_1v_seed2.json,small,random_ratio,drone_serviceable_ratio,1.0,100.0,5,False,15,2111,1,73.5557314345551,0.0,63.738394800107926,0.0,0.0,0.0,2.0,0.0,1.0,0.0,13.0,0.0,2.0,0.0,0.15384615384615385,0.0,5654.0,0.0,4.0,0.0,0.0007074637424831977,0.0,22.0,0.0,23.5501390499429,0.0,1.2975788973576838,0.0,26.70801348725451,0.0,0.0,0.0,0.0,0.0,0.29909294042673085,0.0,0.32016728799571814,0.0,0.017640758538472037,0.0,0.36309901303907893,0.0,0.0,0.0,0.0,0.0,53.333333333333336,0.0,102.18758111090304,0.0,0.10312755537875362,0.0,73.5557+/-0.0000,63.7384+/-0.0000,0.0000+/-0.0000,2.0000+/-0.0000
5.3,deterministic,small_15c_1v_seed3.json,small,random_ratio,drone_serviceable_ratio,0.2,20.0,1,False,3,2043,1,55.9827510107435,0.0,26.303565899841487,0.0,0.0,0.0,1.0,0.0,1.0,0.0,3.0,0.0,1.0,0.0,0.3333333333333333,0.0,246.0,0.0,2.0,0.0,0.008130081300813009,0.0,22.0,0.0,20.80620424246247,0.0,0.5503514403198604,0.0,12.626195327961169,0.0,0.0,0.0,0.0,0.0,0.3929781870808392,0.0,0.371653837419844,0.0,0.009830732330646701,0.0,0.2255372431686701,0.0,0.0,0.0,0.0,0.0,80.0,0.0,61.823266209373344,0.0,0.0,0.0,55.9828+/-0.0000,26.3036+/-0.0000,0.0000+/-0.0000,1.0000+/-0.0000
5.3,deterministic,small_15c_1v_seed3.json,small,random_ratio,drone_serviceable_ratio,0.35,35.0,2,False,5,2060,1,54.77553908580822,0.0,26.363906200043857,0.0,0.0,0.0,2.0,0.0,1.5,0.0,5.0,0.0,3.0,0.0,0.6,0.0,834.0,0.0,4.0,0.0,0.004796163069544364,0.0,22.0,0.0,17.59052460604864,0.0,1.812586525842624,0.0,13.372427953916954,0.0,0.0,0.0,0.0,0.0,0.40163913248824556,0.0,0.32113832012665966,0.0,0.0330911672636052,0.0,0.24413138012148955,0.0,0.0,0.0,0.0,0.0,80.0,0.0,59.81440273534423,0.0,0.0,0.0,54.7755+/-0.0000,26.3639+/-0.0000,0.0000+/-0.0000,2.0000+/-0.0000
5.3,deterministic,small_15c_1v_seed3.json,small,random_ratio,drone_serviceable_ratio,0.5,50.0,3,True,8,2077,1,54.27079101166472,0.0,35.25290219997987,0.0,0.0,0.0,3.0,0.0,1.3333333333333333,0.0,8.0,0.0,4.0,0.0,0.5,0.0,1880.0,0.0,6.0,0.0,0.0031914893617021275,0.0,22.0,0.0,14.964210328535668,0.0,2.2438826625246353,0.0,15.062698020604413,0.0,0.0,0.0,0.0,0.0,0.40537459635094353,0.0,0.27573230552912575,0.0,0.04134604675362748,0.0,0.2775470513663032,0.0,0.0,0.0,0.0,0.0,80.0,0.0,56.665474976566756,0.0,0.42197665496248893,0.0,54.2708+/-0.0000,35.2529+/-0.0000,0.0000+/-0.0000,3.0000+/-0.0000
5.3,deterministic,small_15c_1v_seed3.json,small,random_ratio,drone_serviceable_ratio,0.75,75.0,4,False,11,2094,1,52.46384604355447,0.0,44.474101699888706,0.0,0.0,0.0,2.0,0.0,2.0,0.0,10.0,0.0,4.0,0.0,0.4,0.0,3198.0,0.0,4.0,0.0,0.0012507817385866166,0.0,22.0,0.0,13.463104140609445,0.0,2.2024344116717547,0.0,14.798307491273274,0.0,0.0,0.0,0.0,0.0,0.41933639370884146,0.0,0.2566167972022607,0.0,0.041980041071394886,0.0,0.2820667680175031,0.0,0.0,0.0,0.0,0.0,80.0,0.0,54.83660901808347,0.0,0.4050893163654907,0.0,52.4638+/-0.0000,44.4741+/-0.0000,0.0000+/-0.0000,2.0000+/-0.0000
5.3,deterministic,small_15c_1v_seed3.json,small,random_ratio,drone_serviceable_ratio,1.0,100.0,5,False,15,2111,1,51.37411680767965,0.0,88.78752489993349,0.0,0.0,0.0,2.0,0.0,2.0,0.0,14.0,0.0,4.0,0.0,0.2857142857142857,0.0,7142.0,0.0,6.0,0.0,0.0008401008120974517,0.0,22.0,0.0,11.839848715593867,0.0,2.306703827513723,0.0,15.227564264572061,0.0,0.0,0.0,0.0,0.0,0.4282312060440392,0.0,0.230463304311715,0.0,0.04490011645648195,0.0,0.29640537318776394,0.0,0.0,0.0,0.0,0.0,80.0,0.0,53.976641985824,0.0,0.1146610290291858,0.0,51.3741+/-0.0000,88.7875+/-0.0000,0.0000+/-0.0000,2.0000+/-0.0000
