experiment,instance_class,instance_scale,analysis_mode,parameter_name,parameter_value,x_numeric,parameter_order,is_baseline,instance_count,z_total_mean_across_instances_mean,z_total_mean_across_instances_std,solve_seconds_mean_across_instances_mean,solve_seconds_mean_across_instances_std,unserved_count_mean_across_instances_mean,unserved_count_mean_across_instances_std,sortie_count_mean_across_instances_mean,sortie_count_mean_across_instances_std,avg_customers_per_sortie_mean_across_instances_mean,avg_customers_per_sortie_mean_across_instances_std,drone_utilization_mean_across_instances_mean,drone_utilization_mean_across_instances_std,sortie_feasible_rate_mean_across_instances_mean,sortie_feasible_rate_mean_across_instances_std,online_success_rate_mean_across_instances_mean,online_success_rate_mean_across_instances_std,mc_mean_mean_across_instances_mean,mc_mean_mean_across_instances_std,mc_std_mean_across_instances_mean,mc_std_mean_across_instances_std,z_fixed_ratio_mean_across_instances_mean,z_fixed_ratio_mean_across_instances_std,z_truck_ratio_mean_across_instances_mean,z_truck_ratio_mean_across_instances_std,z_drone_ratio_mean_across_instances_mean,z_drone_ratio_mean_across_instances_std,z_fail_expected_ratio_mean_across_instances_mean,z_fail_expected_ratio_mean_across_instances_std,z_unserved_penalty_ratio_mean_across_instances_mean,z_unserved_penalty_ratio_mean_across_instances_std
5.1,deterministic,large,penalty_multiplier,failure_penalty_multiplier,1.0,1.0,1,True,3,1194.7432183810313,33.52640525220921,2906.6542386667184,1759.1426493842316,0.0,0.0,25.0,2.6457513110645907,1.2439782439782439,0.13318029045231056,0.22721822541966427,0.04746066302881242,0.0002509554815166598,9.546242791502861e-05,69.11111111111111,7.897491397296381,1515.1647968715015,324.73964938011017,3.882377723802209,0.2486013758909887,0.1597209798990399,0.012542564993717283,0.27339337395409985,0.021936725884573814,0.01696579477654704,0.00356816468820438,0.5499198513703132,0.034062099140294295,0.0,0.0
5.1,deterministic,large,penalty_multiplier,failure_penalty_multiplier,2.0,2.0,2,False,3,1853.4882220771271,76.0504547467357,2959.913348499996,1979.86293200528,0.0,0.0,24.333333333333332,3.511884584284246,1.3511904761904763,0.10829407975393007,0.23665185498659896,0.019503567919077754,0.00024993881243583183,9.066416236756886e-05,69.11111111111111,7.897491397296381,2550.3297776065965,643.2790104293994,5.2503822103645215,1.0064400104673752,0.10282884294089437,0.00425842159606785,0.2019032856865547,0.021055970593894007,0.010537001800990108,0.001473001657806023,0.6847308695715608,0.02321299697026326,0.0,0.0
5.1,deterministic,large,penalty_multiplier,failure_penalty_multiplier,3.0,3.0,3,False,3,2422.006811264904,41.12476147584553,3094.0589089999753,2018.2930431086609,0.0,0.0,22.666666666666668,2.309401076758503,1.2555555555555555,0.15840641588203613,0.20782197771194807,0.044558844182196716,0.0002511629794513861,9.023744182060123e-05,69.11111111111111,7.897491397296381,3621.275168682975,903.1198605401235,8.482900386760186,3.093610669854405,0.08176625798649215,0.0014018504209253907,0.18436208406934257,0.00630413436561454,0.007542238048573702,0.0011083680406777888,0.7263294198955915,0.008027948458605064,0.0,0.0
5.1,deterministic,large,penalty_multiplier,failure_penalty_multiplier,5.0,5.0,4,False,3,3641.733593170303,147.17585212844344,3341.1930027000294,2435.2548795930397,0.0,0.0,22.0,2.6457513110645907,1.2223175692855328,0.06702188722293789,0.19588446889547184,0.035164453276825346,0.0002522275884417961,8.885298894400733e-05,69.11111111111111,7.897491397296381,5627.780787289461,1502.1051677885982,8.743954711156936,4.285150421539929,0.05442908608231741,0.0022044010688350222,0.13097255451357886,0.012657778755503238,0.00480405422749742,0.0004836805498746065,0.8097943051766063,0.012775424340157361,0.0,0.0
5.1,deterministic,large,penalty_multiplier,failure_penalty_multiplier,10.0,10.0,5,False,3,6717.645062521555,229.46274563112618,3660.8320008666874,2226.0053149852156,0.0,0.0,27.666666666666668,0.5773502691896257,1.3505291005291005,0.08327032135204832,0.2704894907603329,0.008766113738953921,0.0002511629794513861,9.023744182060123e-05,69.11111111111111,7.897491397296381,10567.336896945648,3077.8893413649803,13.010509388661477,2.443205260735112,0.02949790208179781,0.001022713758876447,0.06404815375407938,0.006223648969779655,0.0034198013244389498,0.00022038698862776417,0.9030341428396839,0.005435793139071812,0.0,0.0
5.1,deterministic,medium,penalty_multiplier,failure_penalty_multiplier,1.0,1.0,1,True,3,304.3501949531192,26.29653150557709,1598.194438700021,560.6555667234339,0.0,0.0,8.333333333333334,2.0816659994661326,1.3074074074074074,0.16715976439106306,0.18590437959305042,0.02450550646836472,0.00030260769592778153,6.83925326485551e-05,73.88888888888889,3.4694433324435563,373.66917160921304,16.654847874638577,1.4447921682886613,1.102006067547664,0.21797791823388202,0.019500044948974393,0.31357110036065994,0.041374878592720155,0.022278616323275553,0.0036155468102502517,0.4461723650821825,0.025312582289949415,0.0,0.0
5.1,deterministic,medium,penalty_multiplier,failure_penalty_multiplier,2.0,2.0,2,False,3,440.1591853980655,34.6458740723231,1519.4935493332644,430.56683801198926,0.0,0.0,7.666666666666667,1.5275252316519468,1.5231481481481481,0.34925331875078325,0.20363585517465982,0.06688515979022949,0.000308659939621428,7.092057791941159e-05,73.88888888888889,3.4694433324435563,597.2462926537883,17.295361162431686,2.8813086587331878,2.1595926781018924,0.16608161080690048,0.018785892305588244,0.2380617497344178,0.03407770984921681,0.016399203102987224,0.003669419035629905,0.5794574363556945,0.0476172278349759,0.0,0.0
5.1,deterministic,medium,penalty_multiplier,failure_penalty_multiplier,3.0,3.0,3,False,3,559.2097816694063,32.67042652587092,1613.030806499999,634.9159155696022,0.0,0.0,10.0,1.0,1.4427609427609427,0.14985056438702807,0.2501486767766875,0.012935520404111884,0.0003173241725961764,6.5039113806779e-05,73.88888888888889,3.4694433324435563,825.553169277568,37.38504158594653,1.6570201379600338,1.5335648368646841,0.15772424183637143,0.009230967680924622,0.19940403673054605,0.043369975253093385,0.01490272704306452,0.001850678364584201,0.627968994390018,0.040073621927721875,0.0,0.0
5.1,deterministic,medium,penalty_multiplier,failure_penalty_multiplier,5.0,5.0,4,False,3,787.4507195963811,32.71177948395897,1721.0296089000378,1034.083791273158,0.0,0.0,9.0,1.7320508075688772,1.1325757575757576,0.13652137341621287,0.17945109950016283,0.051112710353429694,0.0003173241725961764,6.5039113806779e-05,73.88888888888889,3.4694433324435563,1269.4412300195552,43.723338298771054,2.8437825536194623,0.7468589800575919,0.11188248869913868,0.0046760160062305,0.18810570406142724,0.044327686790213774,0.008698963420266699,0.0021095565824385005,0.6913128438191674,0.03790064908742966,0.0,0.0
5.1,deterministic,medium,penalty_multiplier,failure_penalty_multiplier,10.0,10.0,5,False,3,1329.7070891334417,112.6204746828471,1912.8877895666908,711.7539903203945,0.0,0.0,9.0,0.0,1.0740740740740742,0.1283000598199169,0.16874637157866418,0.02138307475547358,0.0003173241725961764,6.5039113806779e-05,73.88888888888889,3.4694433324435563,2311.8764345152017,96.69837346076821,4.497675910413033,0.5088740634880828,0.06649234075462607,0.005537626719205099,0.11342167869771223,0.008156769428881053,0.005044489520199534,0.0005898687224423229,0.8150414910274622,0.002522878771102088,0.0,0.0
5.1,deterministic,small,penalty_multiplier,failure_penalty_multiplier,1.0,1.0,1,True,3,60.39733510061456,11.654646281072417,95.84810266667046,35.93434493661106,0.0,0.0,3.0,1.7320508075688772,1.3333333333333333,0.5773502691896257,0.2576312576312576,0.09298066599998007,0.0007231946815082225,0.00010988840976192253,68.88888888888889,13.877773329774216,71.97305018899006,26.325568463155527,0.08209198556268282,0.04677976247793502,0.37278358225358466,0.06647389481570125,0.2516524772598874,0.06075761817419655,0.038999320809105606,0.019104320460562214,0.3365646196774224,0.03537284079946004,0.0,0.0
5.1,deterministic,small,penalty_multiplier,failure_penalty_multiplier,2.0,2.0,2,False,3,81.46581868359402,16.69584868518739,95.99661783330764,37.98341053803778,0.0,0.0,1.6666666666666667,0.5773502691896257,1.5,0.5,0.18962148962148961,0.10391982923976069,0.0007231946815082225,0.00010988840976192253,68.88888888888889,13.877773329774216,109.15367838872075,46.88548857446366,0.503149956575857,0.8277719327377453,0.2772013683701322,0.05250412283534734,0.26181762777648154,0.05988134239520356,0.01828179640000695,0.009724317225456096,0.44269920745337926,0.06861106015926619,0.0,0.0
5.1,deterministic,small,penalty_multiplier,failure_penalty_multiplier,3.0,3.0,3,False,3,98.06509795925089,22.855240872091283,95.10582323333558,32.49804309429025,0.0,0.0,2.3333333333333335,0.5773502691896257,1.2222222222222223,0.3849001794597506,0.21001221001221002,0.10694047027910869,0.0007231946815082225,0.00010988840976192253,68.88888888888889,13.877773329774216,141.9717648397497,64.975802003768,1.2287502148582188,0.21598645831963229,0.23187583866019199,0.048620191963537084,0.22968267731989062,0.02841029894337766,0.01947157656795846,0.013012046519604184,0.518969907451959,0.058033227651399615,0.0,0.0
5.1,deterministic,small,penalty_multiplier,failure_penalty_multiplier,5.0,5.0,4,False,3,133.8449093967146,33.36878325337235,100.36753993341699,48.79273301359975,0.0,0.0,2.0,1.0,1.4444444444444444,0.5091750772173156,0.20976800976800977,0.11544061280492598,0.0007231946815082225,0.00010988840976192253,68.88888888888889,13.877773329774216,209.07323868218367,106.6752550679693,0.6453594583338729,0.14369647467053034,0.1708800953231146,0.03943296913370051,0.17509544423622347,0.015266633869463407,0.014355669046868358,0.009250021519693645,0.6396687913937936,0.04572627074114388,0.0,0.0
5.1,deterministic,small,penalty_multiplier,failure_penalty_multiplier,10.0,10.0,5,False,3,218.22542062608701,61.28458159673011,84.4334239999298,15.68255352650555,0.0,0.0,2.0,1.7320508075688772,1.1666666666666667,0.28867513459481287,0.1827838827838828,0.18813473518064594,0.0006540814048477761,0.00021767646783583657,68.88888888888889,13.877773329774216,375.9842892376286,212.54074300348358,0.13042533840203419,0.22590331270668743,0.10589538967990397,0.027383654684303652,0.1220129204132709,0.024009805087614165,0.00774228818826696,0.008204066313965837,0.7643494017185581,0.020370036575305502,0.0,0.0
5.2,deterministic,large,speed_only,drone_speed_factor,0.6,0.6,1,False,3,1193.9861947349448,33.38792670686351,3506.4053405666104,1787.3669553189695,0.0,0.0,22.333333333333332,2.516611478423583,1.4918181818181817,0.04881234094057745,0.24134222034137395,0.02662617276327337,0.00029341611697672985,9.34762220777118e-05,69.11111111111111,7.897491397296381,1526.3488637858482,302.604995152919,4.90050821694403,1.7647940428170976,0.15379166177207892,0.014529114287958871,0.2851648468580896,0.01404323932443886,0.013314456986133543,0.0018595509570879147,0.5477290343836979,0.02473713690400336,0.0,0.0
5.2,deterministic,large,speed_only,drone_speed_factor,0.75,0.75,2,False,3,1188.72876745618,57.77032765754946,3302.5441795333754,1671.531870639017,0.0,0.0,24.666666666666668,2.309401076758503,1.5116550116550116,0.18771806506396413,0.2681443080829454,0.007952969810844597,0.0002737430044811206,7.710326184304614e-05,69.11111111111111,7.897491397296381,1506.3885209891528,349.6860153236159,4.5911963009051595,4.592320503913167,0.16075776890310714,0.01518177002191562,0.2596923204553317,0.02434180342451485,0.0165147198993467,0.0004392145814886619,0.5630351907422145,0.02825373583216918,0.0,0.0
5.2,deterministic,large,speed_only,drone_speed_factor,0.85,0.85,3,False,3,1191.9410235531295,36.60739984649811,3109.236969500004,1926.4616379880447,0.0,0.0,27.333333333333332,1.5275252316519468,1.4266299898483805,0.04969254893698762,0.28269149386373255,0.020528028498747193,0.0002651145144422784,8.00995244819535e-05,69.11111111111111,7.897491397296381,1507.0443390099726,290.5196894720004,5.848634012081333,2.815098745092219,0.15412840410110001,0.015616941232222774,0.26707801659243097,0.014324266213097247,0.018622110195306876,0.0010278417175019407,0.5601714691111622,0.02933405005209243,0.0,0.0
5.2,deterministic,large,speed_only,drone_speed_factor,1.0,1.0,4,True,3,1194.7432183810313,33.52640525220921,2936.585805633416,1925.4079261516206,0.0,0.0,25.0,2.6457513110645907,1.2439782439782439,0.13318029045231056,0.22721822541966427,0.04746066302881242,0.0002509554815166598,9.546242791502861e-05,69.11111111111111,7.897491397296381,1515.1647968715015,324.73964938011017,3.882377723802209,0.2486013758909887,0.1597209798990399,0.012542564993717283,0.27339337395409985,0.021936725884573814,0.01696579477654704,0.00356816468820438,0.5499198513703132,0.034062099140294295,0.0,0.0
5.2,deterministic,large,speed_only,drone_speed_factor,1.15,1.15,5,False,3,1211.639651505688,48.411870801359775,2744.95465166665,1752.602998531569,0.0,0.0,27.666666666666668,5.131601439446884,1.2459182340647859,0.1415426029796627,0.24640287769784172,0.021806395059320402,0.00025554441454896874,9.870487291793688e-05,69.11111111111111,7.897491397296381,1523.1605789450757,308.4668966400314,4.363595947343651,2.8494147985824534,0.16358782972786817,0.006492779037425078,0.25666538936481864,0.006788540859930948,0.018123269963172456,0.0013048389744525918,0.5616235109441408,0.0114063508354777,0.0,0.0
5.2,deterministic,large,speed_only,drone_speed_factor,1.3,1.3,6,False,3,1205.9966386375654,49.439933244376135,2231.8554121667207,1161.2580573233447,0.0,0.0,26.666666666666668,5.131601439446884,1.1609062980030722,0.017860239561034587,0.22476724502750742,0.0458587330984827,0.0002512702402909305,8.551173832264939e-05,69.11111111111111,7.897491397296381,1503.239873382265,332.5644802403471,4.8036038297980115,3.3063034990370377,0.15811093564143397,0.008883004939172623,0.24854627493666367,0.01168759728463845,0.018265566538831168,0.0030741016941002665,0.5750772228830713,0.01568939289163795,0.0,0.0
5.2,deterministic,large,speed_only,drone_speed_factor,1.5,1.5,7,False,3,1202.5654906011332,59.164918084226784,2580.872070666713,1699.3623790780152,0.0,0.0,27.666666666666668,6.6583281184793925,1.010752688172043,0.018624202231923397,0.20313161235717309,0.05137195397543299,0.00023603086007850375,8.275324276877722e-05,69.11111111111111,7.897491397296381,1528.9342787127819,330.8026069927465,3.6469664472509447,2.7708071831293704,0.15236486479529782,0.0036739552832682834,0.2777619891855666,0.010030559714519034,0.02007225036570538,0.0054670970869363,0.5498008956534302,0.011874653491380213,0.0,0.0
5.2,deterministic,medium,speed_only,drone_speed_factor,0.6,0.6,1,False,3,300.97828001088493,32.081417606849385,1547.227334633392,547.1817070309145,0.0,0.0,10.333333333333334,1.1547005383792515,1.4377104377104377,0.20758333524307546,0.2612604958724495,0.05991845886590748,0.00035012661184471473,7.005264243262595e-05,73.88888888888889,3.4694433324435563,383.184859608479,32.05147403132793,1.5115921478509053,0.7953177704746338,0.2672022058787988,0.0206324627434997,0.2927121476995783,0.05445770677487108,0.021959941262916897,0.004944655548353486,0.41812570515870595,0.07037854144386187,0.0,0.0
5.2,deterministic,medium,speed_only,drone_speed_factor,0.75,0.75,2,False,3,309.7199368827097,20.378416197634294,1613.5086532667435,538.5909085698818,0.0,0.0,8.333333333333334,2.0816659994661326,1.6074074074074074,0.05592469952052409,0.231790634779038,0.04782990606246327,0.00032089091255924535,6.278927880464685e-05,73.88888888888889,3.4694433324435563,369.5124952043402,14.066930386661896,1.758433346792837,0.38840263633785865,0.23599516668437473,0.028399425539124862,0.27253200624258545,0.030285921380045988,0.021566614952149454,0.00518744449132505,0.4699062121208903,0.047596285377112524,0.0,0.0
5.2,deterministic,medium,speed_only,drone_speed_factor,0.85,0.85,3,False,3,301.7021723235116,23.40764873632897,1511.084670099973,583.0939560492947,0.0,0.0,9.333333333333334,2.0816659994661326,1.2428571428571429,0.21992577597629506,0.1979967574302989,0.029320794069961673,0.00031541467123224256,5.802089317048307e-05,73.88888888888889,3.4694433324435563,369.58559558586325,7.0771302309632445,2.5168601859550632,0.24452931600267977,0.24199408538331135,0.023551394559552196,0.2929754652275261,0.02088067132124575,0.023244251167511318,0.0034352484152002753,0.4417861982216512,0.024079144860601143,0.0,0.0
5.2,deterministic,medium,speed_only,drone_speed_factor,1.0,1.0,4,True,3,304.3501949531192,26.29653150557709,1504.335876866787,500.63860227814143,0.0,0.0,8.333333333333334,2.0816659994661326,1.3074074074074074,0.16715976439106306,0.18590437959305042,0.02450550646836472,0.00030260769592778153,6.83925326485551e-05,73.88888888888889,3.4694433324435563,373.66917160921304,16.654847874638577,1.4447921682886613,1.102006067547664,0.21797791823388202,0.019500044948974393,0.31357110036065994,0.041374878592720155,0.022278616323275553,0.0036155468102502517,0.4461723650821825,0.025312582289949415,0.0,0.0
5.2,deterministic,medium,speed_only,drone_speed_factor,1.15,1.15,5,False,3,308.0711939111791,26.06609178367776,1335.826251600093,400.7770767415003,0.0,0.0,9.333333333333334,3.0550504633038935,1.2555555555555555,0.309719108105919,0.2030305282981465,0.07785149904321428,0.0002775147389720247,5.9268508786362714e-05,73.88888888888889,3.4694433324435563,372.9096116591243,18.347988050995053,2.556031055528574,0.8572936577240109,0.23722925328733396,0.02493223300490288,0.29126697850640104,0.02175669443770026,0.025251214837542727,0.009788076094089927,0.44625255336872227,0.03739673562360596,0.0,0.0
5.2,deterministic,medium,speed_only,drone_speed_factor,1.3,1.3,6,False,3,308.3431899224843,22.259161495972524,1356.949582433328,637.782782615538,0.0,0.0,10.0,2.0,1.088888888888889,0.08388704928078615,0.19254527561842458,0.05511311013956445,0.0002926099639557429,5.9689970042452184e-05,73.88888888888889,3.4694433324435563,371.1878608648361,9.262771635368923,1.6801864211517694,1.1675332437038963,0.23759393144778831,0.03376126124532142,0.2789013808797011,0.010472876730346001,0.024279889678670837,0.0062829534215681155,0.4592247979938398,0.023131276217151556,0.0,0.0
5.2,deterministic,medium,speed_only,drone_speed_factor,1.5,1.5,7,False,3,301.4530660277687,19.342884015368053,1482.380508099993,794.7221930575279,0.0,0.0,10.666666666666666,3.0550504633038935,1.0666666666666667,0.11547005383792512,0.19849765657080554,0.05668414235305057,0.00027846948965399166,5.818798418376641e-05,73.88888888888889,3.4694433324435563,372.5928748157068,34.34023727992766,1.1641610149028212,0.09545215184700988,0.24263765354265615,0.03142306147427434,0.29351638762261306,0.04263394725138202,0.027749694452160193,0.004822922800749566,0.4360962643825707,0.0627084116421703,0.0,0.0
5.2,deterministic,small,speed_only,drone_speed_factor,0.6,0.6,1,False,3,59.798854084640766,11.902208777855641,100.45920993333372,13.189159299198444,0.0,0.0,3.0,0.0,1.6666666666666667,0.33333333333333337,0.35494505494505496,0.046193075949414734,0.0007231946815082225,0.00010988840976192253,68.88888888888889,13.877773329774216,70.83667922420472,24.97761887195205,0.3128199016514503,0.30225284968163096,0.3769823682754193,0.06858368767372314,0.25082923161301074,0.050834327004981146,0.036405368669787386,0.009940026407456224,0.33578303144178256,0.03319460661920338,0.0,0.0
5.2,deterministic,small,speed_only,drone_speed_factor,0.75,0.75,2,False,3,60.457669890948665,10.233375401358957,104.81217900003928,32.06542045529188,0.0,0.0,2.6666666666666665,0.5773502691896257,1.6666666666666667,0.33333333333333337,0.31233211233211233,0.06331947991597109,0.0008411053052554222,0.00021958978500753563,68.88888888888889,13.877773329774216,71.1946496499613,23.538885424574115,0.7040451755268973,0.9964016650500741,0.3703521736577656,0.05727428918971604,0.24864526043361668,0.036285492566589396,0.03403915222240338,0.0035849871220693347,0.3469634136862143,0.04215358614983221,0.0,0.0
5.2,deterministic,small,speed_only,drone_speed_factor,0.85,0.85,3,False,3,60.405615047457026,11.701531867699556,110.54112519999035,27.86117827670955,0.0,0.0,2.6666666666666665,0.5773502691896257,1.7222222222222223,0.2545875386086578,0.3308913308913309,0.09892370745069153,0.0008411053052554222,0.00021958978500753563,68.88888888888889,13.877773329774216,70.01344293816355,24.175718786769906,0.08257665959647677,0.09229650365064501,0.37267966372582917,0.06570797208083494,0.22301909369677222,0.04000129106544412,0.04362635681795005,0.01556664258645316,0.3606748857594486,0.05056487872486343,0.0,0.0
5.2,deterministic,small,speed_only,drone_speed_factor,1.0,1.0,4,True,3,60.39733510061456,11.654646281072417,96.5674157665732,37.173718667601044,0.0,0.0,3.0,1.7320508075688772,1.3333333333333333,0.5773502691896257,0.2576312576312576,0.09298066599998007,0.0007231946815082225,0.00010988840976192253,68.88888888888889,13.877773329774216,71.97305018899006,26.325568463155527,0.08209198556268282,0.04677976247793502,0.37278358225358466,0.06647389481570125,0.2516524772598874,0.06075761817419655,0.038999320809105606,0.019104320460562214,0.3365646196774224,0.03537284079946004,0.0,0.0
5.2,deterministic,small,speed_only,drone_speed_factor,1.15,1.15,5,False,3,61.79617992805136,10.934015621865877,87.25324540010963,26.457408387645646,0.0,0.0,2.6666666666666665,0.5773502691896257,1.6666666666666667,0.33333333333333337,0.31233211233211233,0.06331947991597109,0.0007231946815082225,0.00010988840976192253,68.88888888888889,13.877773329774216,72.57749486226898,21.896620468282258,0.37900703671867436,0.37439754802377573,0.3630465364314005,0.05979807133172028,0.26543931340762617,0.017025692729599574,0.043530519582446,0.004021051059343497,0.32798363057852736,0.07511182329753696,0.0,0.0
5.2,deterministic,small,speed_only,drone_speed_factor,1.3,1.3,6,False,3,62.66557625446309,10.504076740056014,95.28324963338673,38.99621620138394,0.0,0.0,3.6666666666666665,1.1547005383792515,1.1111111111111112,0.1924500897298752,0.2851037851037851,0.06265592481781675,0.000605284057761023,0.00024361597376829528,68.88888888888889,13.877773329774216,74.39058227024886,22.326695097074822,0.3382135407134087,0.38903963505997996,0.3572650619543968,0.05552060891685043,0.2812911731378742,0.05106136613599989,0.04584298856988993,0.013506396112741736,0.315600776337839,0.08191916988512392,0.0,0.0
5.2,deterministic,small,speed_only,drone_speed_factor,1.5,1.5,7,False,3,62.97901101450649,9.481236933331255,119.50825703330338,54.958108188801,0.0,0.0,2.3333333333333335,0.5773502691896257,1.0,0.0,0.16556776556776556,0.030321175218424735,0.0006986285924385176,0.0003889022128268099,68.88888888888889,13.877773329774216,74.836412432182,23.175883443816556,0.06347002490676915,0.06318283285048741,0.35429669354771,0.04960271337343265,0.29444722482668007,0.03073588579477097,0.031884328982932135,0.010862440354399991,0.31937175264267775,0.05339296452982095,0.0,0.0
5.3,deterministic,large,random_ratio,drone_serviceable_ratio,0.2,20.0,1,False,3,1220.185939591349,27.640663069498494,710.3699038665897,51.35175837078937,0.0,0.0,14.0,1.0,1.0735042735042735,0.0771506604881829,0.5442086648983201,0.06224008544219288,0.004026571943885143,0.0008661544787883506,69.11111111111111,7.897491397296381,1588.8181957700049,315.6156101024274,4.881159975030534,1.9234197251971852,0.16232615700744701,0.0036956100242351454,0.32091949375367296,0.011958051307546458,0.00879973871179849,0.0005337546999063015,0.5079546105270815,0.012028400810999052,0.0,0.0
5.3,deterministic,large,random_ratio,drone_serviceable_ratio,0.35,35.0,2,False,3,1210.806983004452,32.37923374601742,779.7294766333265,83.02926610115307,0.0,0.0,17.333333333333332,1.1547005383792515,1.1574074074074074,0.09755234956345128,0.41369047619047616,0.01657072727032745,0.0019149418415229597,0.00028686211197241184,69.11111111111111,7.897491397296381,1564.1221605275975,325.6519533517222,4.531154963666711,4.3683709351174835,0.15749179824259518,0.01022074539156975,0.3039558385528927,0.007532091599203083,0.011269591071448542,0.0004948096034237123,0.5272827721330636,0.007450277044605178,0.0,0.0
5.3,deterministic,large,random_ratio,drone_serviceable_ratio,0.5,50.0,3,True,3,1220.6279891920717,28.624689811871413,915.2678172000063,135.3789044899029,0.0,0.0,20.0,1.0,1.219548872180451,0.08810798240776099,0.3493298285497774,0.003142059596537173,0.0009710569460619023,0.00018006840030270426,69.11111111111111,7.897491397296381,1551.8738668705234,305.35522309091584,6.753577816854531,3.7365496357438044,0.16227108414953167,0.0038061795836816284,0.28979037183890455,0.005045537407478868,0.012568197882662379,0.0007572022925497986,0.5353703461289013,0.0027593691030106914,0.0,0.0
5.3,deterministic,large,random_ratio,drone_serviceable_ratio,0.75,75.0,4,False,3,1167.922547365419,55.83521346974785,1473.3770443000055,626.8628708505915,0.0,0.0,22.0,6.082762530298219,1.2675213675213675,0.13334155135752265,0.274408505540581,0.09933196994407975,0.0004938205100147166,0.00012396384552006053,69.11111111111111,7.897491397296381,1526.898015108348,335.38847319941976,5.552471031887141,2.4424715796434513,0.15707031238113267,0.01009278595028928,0.29588250147453293,0.020172263454055987,0.01567244236476771,0.004687151652746782,0.5313747437795667,0.02341294888974551,0.0,0.0
5.3,deterministic,large,random_ratio,drone_serviceable_ratio,1.0,100.0,5,False,3,1194.7432183810313,33.52640525220921,3024.6296144334287,1849.1234890550897,0.0,0.0,25.0,2.6457513110645907,1.2439782439782439,0.13318029045231056,0.22721822541966427,0.04746066302881242,0.0002509554815166598,9.546242791502861e-05,69.11111111111111,7.897491397296381,1515.1647968715015,324.73964938011017,3.882377723802209,0.2486013758909887,0.1597209798990399,0.012542564993717283,0.27339337395409985,0.021936725884573814,0.01696579477654704,0.00356816468820438,0.5499198513703132,0.034062099140294295,0.0,0.0
5.3,deterministic,medium,random_ratio,drone_serviceable_ratio,0.2,20.0,1,False,3,308.8315611916377,16.230370832365317,238.74938623343283,47.72156456537351,0.0,0.0,5.0,1.7320508075688772,1.1666666666666667,0.28867513459481287,0.48737373737373735,0.13474062193893033,0.004495077761219447,0.0020408792233259122,73.88888888888889,3.4694433324435563,374.6979016007294,20.62092844697349,2.095899008130932,1.5959497991711287,0.21411461827548656,0.011585499422452853,0.31627516457105753,0.03630729405790223,0.012307648124589331,0.003878138468599902,0.4573025690288667,0.03360061792906534,0.0,0.0
5.3,deterministic,medium,random_ratio,drone_serviceable_ratio,0.35,35.0,2,False,3,308.9696390607649,17.85943244484103,250.78306940003918,93.99074399733794,0.0,0.0,6.333333333333333,1.5275252316519468,1.0666666666666667,0.11547005383792512,0.3333333333333333,0.057735026918962595,0.002545615729070294,0.0006724000947406012,73.88888888888889,3.4694433324435563,382.43117743450176,32.41485124249309,1.6654237888647578,0.16575470030011108,0.23732554565008498,0.03773521350745742,0.31363320940882156,0.04029013821285309,0.015198421471486114,0.002832754445561238,0.43384282346960734,0.07579003454594639,0.0,0.0
5.3,deterministic,medium,random_ratio,drone_serviceable_ratio,0.5,50.0,3,True,3,308.64483483247045,19.837192947782086,380.5393525999971,58.193084442594916,0.0,0.0,9.333333333333334,3.2145502536643185,1.1405677655677655,0.014558711625993214,0.3724137931034483,0.12977820851744779,0.0009993611172290965,0.0005064397439131802,73.88888888888889,3.4694433324435563,379.7524865293823,4.1795588435734565,1.6387026834320217,0.6662884009620689,0.26205623941948397,0.04498761018308024,0.27547283947088674,0.02973959679128843,0.023995791497256627,0.009413824251310255,0.43847512961237267,0.03599073998852194,0.0,0.0
5.3,deterministic,medium,random_ratio,drone_serviceable_ratio,0.75,75.0,4,False,3,308.73294891506106,15.323910045186464,797.5199945000932,221.94316000313344,0.0,0.0,8.666666666666666,0.5773502691896257,1.1898148148148149,0.056131276171213676,0.2406798176508897,0.029674818889195605,0.0006244279500832333,0.00027256969358515514,73.88888888888889,3.4694433324435563,382.2889415787637,30.88444784100903,2.176607192147147,1.9581954669507586,0.26201060509734453,0.0459407774831601,0.29490283036422005,0.044043758438802046,0.020107801141139855,0.0025413409550711754,0.42297876339729557,0.053843136056253106,0.0,0.0
5.3,deterministic,medium,random_ratio,drone_serviceable_ratio,1.0,100.0,5,False,3,304.3501949531192,26.29653150557709,1535.9311019333545,448.34960223000104,0.0,0.0,8.333333333333334,2.0816659994661326,1.3074074074074074,0.16715976439106306,0.18590437959305042,0.02450550646836472,0.00030260769592778153,6.83925326485551e-05,73.88888888888889,3.4694433324435563,373.66917160921304,16.654847874638577,1.4447921682886613,1.102006067547664,0.21797791823388202,0.019500044948974393,0.31357110036065994,0.041374878592720155,0.022278616323275553,0.0036155468102502517,0.4461723650821825,0.025312582289949415,0.0,0.0
5.3,deterministic,small,random_ratio,drone_serviceable_ratio,0.2,20.0,1,False,3,63.23838259874848,9.828018249587661,26.254158899886534,0.5010424229283122,0.0,0.0,1.0,0.0,1.3333333333333333,0.5773502691896257,0.5,0.16666666666666666,0.004093152964724668,0.004065332261464776,68.88888888888889,13.877773329774216,77.25598687746194,22.272320270509386,0.00117064377961625,0.002027614503859809,0.3531740411882563,0.05105797987852026,0.34991684863991507,0.019705979609056127,0.011528863348584743,0.006555054567987277,0.2853802468232439,0.0719296573785972,0.0,0.0
5.3,deterministic,small,random_ratio,drone_serviceable_ratio,0.35,35.0,2,False,3,62.05472514811025,9.560479204126528,27.821510733260464,1.2802759544634037,0.0,0.0,2.3333333333333335,0.5773502691896257,1.3333333333333333,0.28867513459481287,0.6,0.0,0.0037817151355026475,0.0010522140638237049,68.88888888888889,13.877773329774216,74.1917068467456,23.511057997805402,0.054114214406396834,0.09372856876355501,0.35984088724936303,0.05182221831806438,0.28700276891061227,0.0481184270281986,0.031437591344925936,0.006974213375412213,0.32171875249509874,0.06745495176013361,0.0,0.0
5.3,deterministic,small,random_ratio,drone_serviceable_ratio,0.5,50.0,3,True,3,61.08136764364225,10.552135453210942,35.18426859999696,5.578073888930004,0.0,0.0,2.6666666666666665,0.5773502691896257,1.222222222222222,0.1924500897298752,0.42857142857142855,0.12371791482634839,0.003665741764146019,0.00136854898811654,68.88888888888889,13.877773329774216,72.34567650850344,23.505555146512123,0.4250365458666389,0.4265747223115914,0.36682781104318557,0.05777751567739475,0.26822188502913624,0.025669226268949012,0.03477666572336002,0.014788447560540131,0.3301736382043181,0.05806441608539036,0.0,0.0
5.3,deterministic,small,random_ratio,drone_serviceable_ratio,0.75,75.0,4,False,3,61.08959777926709,10.691682393080253,48.87992936659915,7.351825690871972,0.0,0.0,2.3333333333333335,0.5773502691896257,1.4444444444444444,0.5091750772173156,0.3212121212121212,0.10653573231058755,0.0011566812511861983,0.00021608301016650238,68.88888888888889,13.877773329774216,72.76638617312514,25.03378007306566,0.29276496002435615,0.12359290947245141,0.36714124168343665,0.060284347252144384,0.27334910179355065,0.03851445819542328,0.03363106510558033,0.01440629223034494,0.3258785914174324,0.04143971790660139,0.0,0.0
5.3,deterministic,small,random_ratio,drone_serviceable_ratio,1.0,100.0,5,False,3,60.39733510061456,11.654646281072417,95.72005423336911,35.95275087134613,0.0,0.0,3.0,1.7320508075688772,1.3333333333333333,0.5773502691896257,0.2576312576312576,0.09298066599998007,0.0007231946815082225,0.00010988840976192253,68.88888888888889,13.877773329774216,71.97305018899006,26.325568463155527,0.08209198556268282,0.04677976247793502,0.37278358225358466,0.06647389481570125,0.2516524772598874,0.06075761817419655,0.038999320809105606,0.019104320460562214,0.3365646196774224,0.03537284079946004,0.0,0.0
